cell_id,Myeloid,Erythrocyte
W31105,0.5308853316682093,0.4691146683317883
W31106,0.999983784554463,0.0
W31107,0.0,0.9999991838717572
W31108,0.9999974026156175,0.0
W31109,0.0,0.9999992937169893
W31110,0.999896655961666,0.0
W31111,0.0,0.99988074844936
W31113,0.3340086202621002,0.6659913797378982
W31114,0.0,0.9998041820691622
W31115,0.0,0.9999981600421508
W31116,0.0,0.9999953595159449
W31117,0.9506020944490612,0.04939790555093584
W31118,0.999968525165899,0.0
W31119,0.9941845161318378,0.0
W31120,0.0,0.9999975919308894
W31121,0.5288791079566132,0.4711208920433842
W31122,0.0,0.9999981548055781
W31123,0.0,0.9999981694045703
W31124,0.0,0.9999991693130625
W31125,0.8678240272648341,0.13217597273516207
W31126,0.0,0.9998707861716312
W31127,0.9991251472445035,0.0
W31128,0.8299277819888266,0.1700722180111702
W31129,0.8523374019481978,0.1476625980517984
W31130,0.9998026183600073,0.0
W31131,0.9999941113621378,0.0
W31132,0.0,0.9999971705700704
W31133,0.9944665487087584,0.0
W31134,0.8343731930534013,0.1656268069465952
W31136,0.0,0.9999988987262327
W31137,0.0,0.9999984572958815
W31138,0.0,0.9999970206836275
W31139,0.0,0.9964521217182256
W31140,0.0,0.9999941284464972
W31141,0.9997512101040669,0.0
W31142,0.0,0.9999988217723813
W31143,0.0,0.999999238894127
W31144,0.0,0.9999925526534335
W31145,0.9999531486653241,0.0
W31146,0.0,0.9999113516643519
W31147,0.0,0.9999987909506302
W31148,0.9999880630875065,0.0
W31150,0.9900571660421489,0.0
W31151,0.0,0.9999992600212975
W31152,0.9999822591336047,0.0
W31153,0.0,0.9999701738423308
W31154,0.0,0.9999966697131611
W31155,0.674334749155569,0.3256652508444287
W31156,0.0,0.9999985345074971
W31157,0.985593780011389,0.01440621998860787
W31158,0.9999951534074658,0.0
W31159,0.0,0.9998316965762559
W31161,0.0,0.9999945636087557
W31162,0.0,0.9999962242887781
W31163,0.0,0.9999908478325383
W31164,0.999980482326531,0.0
W31165,0.0,0.999999002427737
W31166,0.9999430286249994,0.0
W31167,0.0,0.9999991573250895
W31168,0.9999926593348959,0.0
W31169,0.9999363580342532,0.0
W31170,0.9999931107018694,0.0
W31171,0.532798848581628,0.4672011514183701
W31172,0.0,0.9998225173764805
W31173,0.5311897332050695,0.46881026679492765
W31174,0.9930666969925603,0.0
W31175,0.9890399083279725,0.010960091672025139
W31176,0.01944184111009779,0.9805581588899
W31177,0.0,0.9997687557005681
W31178,0.0,0.9999052967193618
W31179,0.9999402803561543,0.0
W31180,0.0,0.9999976265198276
W31181,0.9999974238865859,0.0
W31182,0.9999978796212461,0.0
W31183,0.0,0.9999982040549729
W31184,0.0,0.9999980041884897
W31185,0.0,0.9999914128108791
W31186,0.9999001158204757,0.0
W31187,0.9978535083229012,0.0
W31188,0.9869274842116227,0.013072515788374926
W31189,0.9999717715822395,0.0
W31190,0.0,0.9999816129930776
W31191,0.5283645592050109,0.47163544079498665
W31192,0.49969391250657796,0.5003060874934198
W31193,0.0,0.9999969177572922
W31194,0.0,0.9985587302135227
W31195,0.0,0.999999075845253
W31196,0.06456134648620426,0.9354386535137935
W31197,0.9912519557112265,0.0
W31198,0.0,0.9999986273109691
W31199,0.6572908466349702,0.3427091533650274
W31200,0.0,0.9944832328579518
W31201,0.4314378622080455,0.5685621377919523
W31202,0.9999304357669936,0.0
W31203,0.9999408324280122,0.0
W31204,0.9894522635552033,0.010547736444794516
W31205,0.0,0.9999351588383721
W31206,0.0,0.9999991997901616
W31207,0.9999857694645291,0.0
W31209,0.0,0.9999992363201617
W31210,0.9999642690645445,0.0
W31211,0.9999867585312205,0.0
W31212,0.0,0.9999940159644665
W31213,0.09327601100249504,0.9067239889975034
W31214,0.0,0.9999978123684764
W31215,0.017147848054425423,0.9828521519455722
W31217,0.0,0.9999988148445167
W31218,0.9999442846627391,0.0
W31219,0.994057716889031,0.0
W31220,0.0,0.9999984211374439
W31221,0.5308467252613721,0.469153274738626
W31222,0.0,0.9999974687775699
W31223,0.9903969352610373,0.0
W31224,0.4511107039652221,0.5488892960347758
W31225,0.0,0.9999919509501244
W31226,0.9999943804255578,0.0
W31228,0.8915087066257006,0.10849129337429483
W31229,0.0,0.9994525146555614
W31230,0.011794499901296947,0.9882055000987007
W31231,0.0,0.999982017694015
W31232,0.0,0.9999976358487211
W31233,0.0,0.9999414501082162
W31234,0.0,0.999996143377651
W31236,0.0,0.9999724631856657
W31237,0.999936510646187,0.0
W31238,0.0,0.9999763914588093
W31239,0.9999655677308287,0.0
W31240,0.0,0.9999895182588482
W31241,0.0,0.9999960896650136
W31242,0.9999666741102105,0.0
W31243,0.0,0.999998659685498
W31244,0.9842845566425718,0.015715443357425838
W31245,0.9999844322566289,0.0
W31246,0.0,0.9999960260257341
W31247,0.0,0.9999989768719522
W31248,0.0,0.9999985042977655
W31249,0.9999377106379833,0.0
W31250,0.0,0.9998936885203784
W31251,0.9999974548536431,0.0
W31252,0.9999413078017894,0.0
W31253,0.9978146710467364,0.0
W31254,0.9999920230213356,0.0
W31255,0.0,0.999998721366903
W31256,0.999896522954572,0.0
W31257,0.5080660644460253,0.4919339355539727
W31259,0.9998515664874608,0.0
W31260,0.9492557585849847,0.05074424141501252
W31262,0.0,0.9960298986603744
W31263,0.9959525559802758,0.0
W31264,0.9998391886459088,0.0
W31265,0.9999217041487671,0.0
W31266,0.9999960751178754,0.0
W31267,0.8826319543959515,0.11736804560404474
W31268,0.5436007360841066,0.4563992639158916
W31269,0.013507378433465764,0.986492621566532
W31270,0.9999965172291855,0.0
W31271,0.0,0.9999596300211319
W31272,0.9999195052839553,0.0
W31273,0.9999128140152607,0.0
W31274,0.9987393843389719,0.0
W31275,0.999994731276594,0.0
W31276,0.5299233904472005,0.47007660955279695
W31277,0.47489533005397105,0.5251046699460264
W31278,0.9999429603691841,0.0
W31279,0.5935940490972045,0.4064059509027935
W31280,0.0,0.99999611958831
W31281,0.9999582150859777,0.0
W31282,0.9927492108440048,0.0
W31283,0.0,0.9999886479074949
W31284,0.0,0.9999485940898911
W31285,0.9990281172088267,0.0
W31286,0.9993730113923474,0.0
W31287,0.7639848176467525,0.23601518235324556
W31288,0.38272524937546254,0.6172747506245353
W31289,0.0,0.9997555478254876
W31290,0.9999340789827589,0.0
W31291,0.0,0.9999989329655077
W31292,0.0,0.9998596796521415
W31293,0.9999881255706773,0.0
W31294,0.0,0.9999941154530416
W31295,0.9999470746290835,0.0
W31296,0.9999814068661237,0.0
W31297,0.5534233908743682,0.4465766091256298
W31298,0.0,0.9999993235646631
W31299,0.9999300004661852,0.0
W31300,0.5380728355257366,0.4619271644742612
W31301,0.999900997398084,0.0
W31302,0.0,0.9999993255815081
W31303,0.0,0.9983513711295882
W31305,0.9860920712653249,0.013907928734672842
W31306,0.9999965135605688,0.0
W31307,0.999979178252987,0.0
W31309,0.0,0.9999833249093686
W31310,0.0,0.9999991782107126
W31311,0.9994736015670813,0.0
W31312,0.9447022297878024,0.055297770212194605
W31313,0.5411044193134262,0.45889558068657155
W31314,0.8067260735350944,0.1932739264649026
W31315,0.0,0.9989529991753117
W31316,0.0,0.9999979246230168
W31317,0.0,0.9999993255303173
W31318,0.0,0.9999987647685613
W31319,0.9999861604451008,0.0
W31321,0.0,0.9998079666879534
W31322,0.0,0.9999946286582839
W31323,0.0,0.9999942601752926
W31324,0.29925960459072376,0.7007403954092744
W31325,0.0,0.9999949367514207
W31326,0.0,0.9999983967150106
W31327,0.9999789811333306,0.0
W31328,0.0,0.9999960649438528
W31329,0.9999913437603594,0.0
W31330,0.9999731535509626,0.0
W31331,0.4365853380160596,0.5634146619839391
W31332,0.9998785361694382,0.0
W31333,0.0,0.9999946603921427
W31334,0.0,0.9999952317968972
W31335,0.9989006716117078,0.0
W31336,0.9999950909245412,0.0
W31337,0.0,0.9999987868665012
W31338,0.9999911942160566,0.0
W31339,0.9999721879841252,0.0
W31340,0.0,0.9999691981662764
W31341,0.9999833895103585,0.0
W31342,0.9999973693837223,0.0
W31343,0.9999935822496443,0.0
W31345,0.0,0.9999913038796081
W31346,0.0,0.9999962361670627
W31347,0.9999002988430873,0.0
W31348,0.0,0.9999967770335231
W31349,0.07787206751025721,0.9221279324897413
W31350,0.9999986224725155,0.0
W31351,0.9999833591348128,0.0
W31353,0.0,0.9999989631840465
W31354,0.8347912626308738,0.16520873736912284
W31355,0.9999884969168944,0.0
W31356,0.0,0.9999754139414825
W31357,0.0,0.9999986042819531
W31358,0.0631525506335367,0.9368474493664614
W31359,0.9999352590782956,0.0
W31360,0.0,0.9999951802472142
W31361,0.9999345559682069,0.0
W31362,0.9999852685022581,0.0
W31363,0.9999940582422125,0.0
W31364,0.34915057478378475,0.6508494252162136
W31365,0.9999007534238002,0.0
W31366,0.9999019914494264,0.0
W31367,0.999989347458729,0.0
W31368,0.0,0.9999989147808389
W31369,0.0,0.9999797729861246
W31370,0.0,0.9999989397829467
W31371,0.9999378703502828,0.0
W31372,0.0,0.9999991583618417
W31373,0.9998422804011788,0.0
W31374,0.0,0.9999986556581424
W31375,0.0,0.9999969027661434
W31376,0.9979342532567658,0.0
W31377,0.6720556530471606,0.3279443469528367
W31378,0.0,0.9999974532047897
W31379,0.9831484086097356,0.016851591390261166
W31380,0.0,0.9999628679040652
W31381,0.9999041889362772,0.0
W31382,0.0,0.9999953201192491
W31383,0.9588500214745426,0.041149978525454114
W31386,0.9999954405428294,0.0
W31387,0.0,0.9999983761877669
W31388,0.9177147522116621,0.08228524778833463
W31389,0.0,0.9999858980493743
W31390,0.0,0.999914813378793
W31391,0.0,0.9999986535587224
W31392,0.9988990298466296,0.0
W31393,0.9992694491419892,0.0
W31394,0.0,0.9999951833403763
W31395,0.9999620334819204,0.0
W31396,0.9999944669609351,0.0
W31397,0.6976195659825686,0.3023804340174295
W31398,0.9999414491890897,0.0
W31399,0.9997364187506442,0.0
W31401,0.0,0.9999988549777121
W31402,0.9998463908330086,0.0
W31403,0.9998523962467243,0.0
W31405,0.988669317921804,0.011330682078193322
W31406,0.0,0.9999101048275002
W31407,0.7636322791603491,0.23636772083964755
W31409,0.9998623885758153,0.0
W31410,0.0,0.9998028037594193
W31411,0.9999571405238326,0.0
W31413,0.0,0.9999953342909529
W31414,0.0,0.999991713957469
W31415,0.0,0.9992527545581402
W31416,0.0,0.999989101152247
W31418,0.0,0.999995969731228
W31419,0.0,0.9997640220845261
W31420,0.0,0.9999988387844271
W31421,0.9999982530348498,0.0
W31422,0.9999792440885779,0.0
W31423,0.0,0.9999983482304354
W31424,0.0,0.9999799996741172
W31425,0.9999772716050267,0.0
W31426,0.0,0.9999828180825936
W31427,0.0,0.9999941327606016
W31428,0.0,0.9999654525935621
W31429,0.0,0.9999982773914496
W31430,0.5313658386077051,0.4686341613922933
W31431,0.0,0.9999906480044753
W31432,0.9999173796201275,0.0
W31433,0.7596677547965273,0.24033224520347068
W31434,0.0,0.9999853138822268
W31436,0.9999369478039575,0.0
W31437,0.3045380530623063,0.6954619469376925
W31439,0.8757017217041387,0.12429827829585777
W31440,0.0,0.9999993252449669
W31441,0.0,0.999976870409365
W31442,0.0,0.9999842417156244
W31443,0.5710140985609907,0.4289859014390065
W31444,0.0,0.9999825211022975
W31446,0.0,0.9999954528388937
W31447,0.0,0.9999119274309662
W31448,0.9999704262429265,0.0
W31451,0.9912227710703608,0.0
W31452,0.0,0.9999985655489505
W31453,0.17230198079292874,0.8276980192070696
W31454,0.9997592187182799,0.0
W31455,0.0,0.9999969233774504
W31456,0.0,0.9999762870874651
W31457,0.7530459890825698,0.24695401091742794
W31458,0.5355323964505789,0.4644676035494184
W31459,0.7787014653172328,0.22129853468276472
W31460,0.9999226376246244,0.0
W31461,0.0,0.9999862093443822
W31462,0.0,0.9998683615763131
W31463,0.0,0.999997103161974
W31464,0.9999321372298702,0.0
W31465,0.999372352829796,0.0
W31466,0.9999876104668459,0.0
W31467,0.0,0.9999974106067622
W31468,0.9994502903168733,0.0
W31469,0.9999968902329992,0.0
W31470,0.0,0.9999976030657329
W31471,0.9999743881132894,0.0
W31472,0.9999455935589376,0.0
W31473,0.9999422222458902,0.0
W31474,0.9999966019277394,0.0
W31475,0.9999418349359486,0.0
W31476,0.822700803734276,0.17729919626572077
W31477,0.9604924727805892,0.03950752721940781
W31478,0.9998497455866635,0.0
W31479,0.0,0.9999450520894342
W31480,0.5212658579890928,0.47873414201090514
W31481,0.0,0.9999943332289283
W31483,0.9998685604965976,0.0
W31484,0.9999547599284022,0.0
W31485,0.0,0.9999911275416716
W31486,0.0,0.9999591496778455
W31487,0.9999235935786438,0.0
W31489,0.9999907248779496,0.0
W31491,0.9973807429125388,0.0
W31492,0.0,0.9999972482487989
W31493,0.7900335446902582,0.20996645530973948
W31494,0.9999325181027489,0.0
W31495,0.9942944042138173,0.0
W31497,0.5303800770870589,0.4696199229129392
W31498,0.9953804287714778,0.0
W31499,0.0,0.9998160422830806
W31500,0.0,0.9999987548386462
W31501,0.9999845653527638,0.0
W31502,0.8545716801723087,0.14542831982768725
W31503,0.9999453036957087,0.0
W31504,0.9999924978730553,0.0
W31505,0.5313926994925393,0.46860730050745814
W31506,0.4128431626805322,0.5871568373194658
W31507,0.08059609584047124,0.9194039041595273
W31508,0.0,0.9999103080263738
W31509,0.9999334735015182,0.0
W31510,0.9999617312132169,0.0
W31511,0.9944109934864149,0.0
W31512,0.07415053330031311,0.9258494666996854
W31513,0.0,0.9999990728230564
W31514,0.5314377480599698,0.46856225194002793
W31515,0.9997557046960346,0.0
W31516,0.0,0.9999988996905351
W31517,0.9996257799838932,0.0
W31518,0.9999291102977714,0.0
W31519,0.8580348905463742,0.14196510945362245
W31520,0.9985692367068157,0.0
W31521,0.0,0.9999982636239373
W31522,0.9999326773699717,0.0
W31523,0.0,0.9999979521112609
W31524,0.9991531883675137,0.0
W31525,0.0,0.9999981653933198
W31526,0.5289759608483131,0.4710240391516849
W31527,0.2065991530311818,0.7934008469688166
W31528,0.999806408885292,0.0
W31529,0.0,0.9999857827554655
W31530,0.9997524365214334,0.0
W31532,0.9999698255642224,0.0
W31533,0.8232691833902568,0.17673081660973988
W31534,0.8237204463838227,0.17627955361617323
W31535,0.9322536289356653,0.06774637106433162
W31536,0.0,0.9999979606918297
W31537,0.9933768815184938,0.0
W31538,0.9999328088851489,0.0
W31539,0.9357525555494168,0.06424744445057988
W31540,0.9999261719944188,0.0
W31541,0.0,0.9999905477719985
W31542,0.9999026834965687,0.0
W31543,0.0,0.9990750049313855
W31544,0.9999474496425526,0.0
W31545,0.9817521806002285,0.018247819399768377
W31546,0.9999966760351713,0.0
W31548,0.9829668430180498,0.017033156981948128
W31549,0.9999202751074203,0.0
W31550,0.0,0.9999965947286
W31551,0.0,0.9999950421889554
W31552,0.9998984448493762,0.0
W31553,0.5329971925915059,0.4670028074084916
W31554,0.0,0.9999583957966378
W31555,0.05123928400348169,0.9487607159965166
W31556,0.9996766672517057,0.0
W31558,0.9997616497460984,0.0
W31559,0.9999394437666936,0.0
W31560,0.5169504900415389,0.48304950995845886
W31562,0.7631179907265848,0.23688200927341263
W31563,0.0,0.9999554622572244
W31564,0.9990256907827455,0.0
W31565,0.0,0.9999950957178182
W31566,0.9998870966753515,0.0
W31567,0.9999351205307172,0.0
W31568,0.9999195381713075,0.0
W31569,0.5271314257002329,0.47286857429976514
W31570,0.5471243354158212,0.45287566458417716
W31571,0.9999891369804131,0.0
W31572,0.0,0.9932288436465625
W31573,0.0,0.9927036496616177
W31575,0.09644006858577825,0.9035599314142202
W31576,0.0,0.9998170787275371
W31577,0.999996504461847,0.0
W31578,0.0,0.9999989029240326
W31580,0.9998502423373365,0.0
W31581,0.9994639846800868,0.0
W31583,0.8229259334869036,0.17707406651309304
W31586,0.0,0.9999987662197043
W31587,0.5372190196743638,0.46278098032563314
W31588,0.999998375714251,0.0
W31590,0.9999839963448229,0.0
W31591,0.9999558549671508,0.0
W31593,0.0,0.9999991994794626
W31594,0.0,0.9999941865316173
W31595,0.9999694953027424,0.0
W31596,0.9999968226183928,0.0
W31597,0.9999523845604045,0.0
W31598,0.0,0.9999987624663202
W31599,0.9999939400595417,0.0
W31600,0.7274549425747966,0.27254505742520135
W31601,0.9999540638934212,0.0
W31602,0.9992223571655645,0.0
W31603,0.9999876874988075,0.0
W31604,0.42276207066205096,0.5772379293379473
W31605,0.0,0.9999418365348729
W31606,0.9999937365768663,0.0
W31607,0.8745336381250793,0.1254663618749163
W31608,0.9999461026828398,0.0
W31609,0.9999983206316027,0.0
W31611,0.9998637707786873,0.0
W31613,0.8098780050729764,0.19012199492702014
W31614,0.5341653569574125,0.4658346430425848
W31615,0.9379539467918929,0.06204605320810362
W31617,0.9999959155596883,0.0
W31618,0.0,0.9999977790361244
W31620,0.9486480569247455,0.051351943075251164
W31621,0.7987779807436892,0.20122201925630742
W31622,0.9999493307948759,0.0
W31623,0.999940251154445,0.0
W31624,0.9999723327978118,0.0
W31625,0.9999975347511709,0.0
W31626,0.0,0.9985250681597255
W31628,0.9999977485815443,0.0
W31629,0.0,0.9998789772694814
W31630,0.999972270381046,0.0
W31631,0.9999261381312187,0.0
W31632,0.9999984842607019,0.0
W31634,0.0,0.9999982748723196
W31635,0.0,0.9999961929902194
W31636,0.0,0.9999947910443496
W31638,0.9998296890341523,0.0
W31639,0.9994231132833231,0.0
W31640,0.0,0.999306017195705
W31641,0.0,0.9984709341317926
W31642,0.8521255779463361,0.14787442205366008
W31644,0.99994840707105,0.0
W31645,0.5396392076915004,0.46036079230849714
W31646,0.9998174796800039,0.0
W31648,0.9999956533773451,0.0
W31649,0.0,0.9999992197519456
W31650,0.0,0.9999710861314227
W31651,0.5524421042693154,0.4475578957306826
W31652,0.824893837383453,0.1751061626165428
W31653,0.0,0.9999969947150749
W31654,0.0,0.9999693395704817
W31655,0.9999771020078851,0.0
W31656,0.999941632753405,0.0
W31657,0.9934368970803765,0.0
W31658,0.4786256274629339,0.5213743725370643
W31659,0.5276050725812317,0.47239492741876654
W31660,0.999883175483882,0.0
W31661,0.5244220996086131,0.4755779003913851
W31662,0.0,0.9999768519566348
W31663,0.9999974165214384,0.0
W31664,0.9999380069864221,0.0
W31665,0.9999137233828477,0.0
W31666,0.0,0.9999977139017813
W31667,0.9998049826576638,0.0
W31668,0.0,0.9998412809362931
W31669,0.5333381321055126,0.4666618678944854
W31670,0.9997594159839083,0.0
W31674,0.9960402994750703,0.0
W31676,0.0,0.9999987645318777
W31678,0.9999816423625771,0.0
W31681,0.9100163016934475,0.08998369830654901
W31682,0.9340762453668303,0.06592375463316667
W31683,0.9999980804326363,0.0
W31684,0.903954733362295,0.09604526663770066
W31685,0.5344603572602284,0.46553964273976967
W31686,0.999995459452408,0.0
W31687,0.9999678374910084,0.0
W31689,0.0,0.9999987234108879
W31690,0.9999971321515915,0.0
W31691,0.0,0.9999975109142765
W31692,0.16770044555026786,0.8322995544497309
W31693,0.8094584443136078,0.19054155568638892
W31695,0.0,0.9999826417331296
W31696,0.999917737210698,0.0
W31697,0.9485672573628847,0.05143274263711217
W31698,0.0,0.9999899012883486
W31699,0.0,0.9999938106469602
W31700,0.0,0.9999991716967691
W31701,0.9999965103026274,0.0
W31702,0.9999817043770758,0.0
W31703,0.9999972020567646,0.0
W31704,0.15450835000893595,0.8454916499910623
W31705,0.9999446971320847,0.0
W31706,0.010061927622459107,0.9899380723775385
W31707,0.9999237295541723,0.0
W31708,0.99997035510015,0.0
W31711,0.9999464914368161,0.0
W31712,0.9941450361584812,0.0
W31713,0.9999698641357135,0.0
W31714,0.9997671949527334,0.0
W31715,0.9476591208530594,0.05234087914693765
W31716,0.9998813318977589,0.0
W31717,0.0,0.9999983242418149
W31718,0.0,0.9999933353855084
W31719,0.0,0.9998991351688056
W31720,0.5271774383947442,0.4728225616052537
W31721,0.9999969069012479,0.0
W31722,0.9956346500746426,0.0
W31723,0.4081850826767843,0.5918149173232135
W31724,0.8820595184623883,0.11794048153760797
W31725,0.5309636398335855,0.46903636016641237
W31726,0.9999414235296242,0.0
W31727,0.9998845497427236,0.0
W31728,0.0,0.9999962612534704
W31729,0.9999965962239864,0.0
W31730,0.9999672857482997,0.0
W31731,0.5299727213727896,0.4700272786272078
W31732,0.9002162360360879,0.09978376396390767
W31733,0.9999257673560853,0.0
W31734,0.9927705202900801,0.0
W31735,0.0,0.999990394827558
W31736,0.0,0.9987591670482283
W31737,0.9996352034328344,0.0
W31738,0.9340905382849929,0.0659094617150035
W31739,0.9999853039570691,0.0
W31740,0.9999975840549687,0.0
W31741,0.994481740827049,0.0
W31742,0.0,0.9999983183955049
W31743,0.9999763467459029,0.0
W31744,0.9179139593574601,0.08208604064253608
W31745,0.9928709629146744,0.0
W31746,0.6234235145351191,0.37657648546487843
W31748,0.9999966807043258,0.0
W31749,0.9925318596453532,0.0
W31750,0.9999446446996665,0.0
W31751,0.9999973396797828,0.0
W31752,0.35620684687212756,0.643793153127871
W31755,0.1920743527016872,0.8079256472983113
W31756,0.9880918954701049,0.011908104529892685
W31758,0.9999111752339048,0.0
W31760,0.9999380763999406,0.0
W31761,0.0,0.9991578267664689
W31762,0.9999049321588105,0.0
W31764,0.9999544887033964,0.0
W31765,0.9999365416538932,0.0
W31767,0.9998093135109448,0.0
W31768,0.0,0.9999988790810019
W31771,0.8290557331545525,0.17094426684544406
W31773,0.9357428784125799,0.0642571215874172
W31775,0.0,0.9999988933769677
W31777,0.0,0.9999978786063302
W31778,0.45495790497574795,0.5450420950242502
W31779,0.19928719065767792,0.8007128093423208
W31780,0.0,0.9999978403728029
W31781,0.0,0.9999989571652144
W31782,0.9999194051790755,0.0
W31783,0.0,0.9996327013249582
W31785,0.9999977088301709,0.0
W31786,0.0,0.9999984399185425
W31787,0.9950518309836791,0.0
W31788,0.021750453778026667,0.9782495462219706
W31789,0.999817834984315,0.0
W31791,0.8925646819562643,0.10743531804373169
W31792,0.9541461840795349,0.04585381592046218
W31793,0.9410757393852406,0.05892426061475613
W31794,0.8417295013941233,0.15827049860587328
W31795,0.3789103085503403,0.621089691449658
W31796,0.5097135412774181,0.4902864587225798
W31797,0.0,0.9965809120018346
W31798,0.9999480511427465,0.0
W31799,0.9998366261075817,0.0
W31801,0.9999317878943927,0.0
W31802,0.9997908890154608,0.0
W31803,0.0,0.9999942430374306
W31804,0.9973011429997695,0.0
W31805,0.5431612298929105,0.4568387701070871
W31806,0.0,0.9999662824586104
W31807,0.9881272194440636,0.01187278055593376
W31808,0.9999912296953042,0.0
W31809,0.9896478461524393,0.010352153847558117
W31811,0.8306988751782811,0.1693011248217156
W31812,0.9998629796760337,0.0
W31813,0.9998940906715421,0.0
W31814,0.0,0.9999895769981921
W31816,0.9997965700483928,0.0
W31817,0.9999077901390165,0.0
W31818,0.0,0.9999975822751729
W31819,0.0,0.9999972952752454
W31820,0.9999958377129783,0.0
W31821,0.9998747594514852,0.0
W31822,0.9089537203761895,0.09104627962380632
W31823,0.9999965637338739,0.0
W31824,0.9999514928764072,0.0
W31825,0.9997706636073882,0.0
W31826,0.9999967681515491,0.0
W31827,0.0,0.9997670687289244
W31828,0.9999433367326729,0.0
W31829,0.7242098056104589,0.2757901943895388
W31830,0.8895222974199203,0.110477702580076
W31831,0.0,0.9999978325017352
W31832,0.0,0.9999990732334983
W31834,0.0,0.9999956478616091
W31835,0.0,0.9986463226406843
W31836,0.9999273319213173,0.0
W31837,0.9876045602076546,0.012395439792342769
W31838,0.0,0.9999976168317737
W31839,0.0,0.9999935396077326
W31840,0.9999977116958498,0.0
W31841,0.419280428288402,0.5807195717115958
W31842,0.9907853139134815,0.0
W31845,0.9999188526235472,0.0
W31846,0.0,0.9984902482180589
W31847,0.0,0.999898331799062
W31849,0.0,0.9999986164439254
W31850,0.0,0.9999875986523409
W31851,0.0,0.9999970933609018
W31854,0.9253053312022643,0.07469466879773212
W31855,0.0,0.9999771927896337
W31856,0.9996824999307201,0.0
W31857,0.9999116634926402,0.0
W31858,0.0,0.9999979079364179
W31859,0.7641668982721742,0.23583310172782385
W31860,0.9940181947811334,0.0
W31861,0.9998659384441229,0.0
W31864,0.9999454767628869,0.0
W31865,0.9999419681208679,0.0
W31866,0.9997743896604225,0.0
W31868,0.9998104570324903,0.0
W31870,0.9977490350196587,0.0
W31871,0.9999793152520539,0.0
W31872,0.9999627103947404,0.0
W36865,0.5293770599717537,0.4706229400282439
W36866,0.9999176943702086,0.0
W36867,0.5424875304974666,0.4575124695025309
W36868,0.9999603923413687,0.0
W36869,0.0,0.9999993201858124
W36871,0.0,0.999997502047265
W36873,0.9999876598259301,0.0
W36874,0.9999029258741137,0.0
W36875,0.9999985811511871,0.0
W36876,0.0,0.9999649045952679
W36877,0.9999300202340886,0.0
W36878,0.0,0.9999976256514824
W36879,0.9999909806199291,0.0
W36881,0.0,0.9999989249482089
W36882,0.06747858647098072,0.9325214135290175
W36883,0.0,0.9999987941802223
W36885,0.9999929654452191,0.0
W36886,0.9409571455849466,0.05904285441505008
W36887,0.5400735721705086,0.4599264278294887
W36889,0.0,0.9999992894500885
W36890,0.806468821146181,0.19353117885381638
W36891,0.999985345162312,0.0
W36892,0.9999909180893017,0.0
W36893,0.9114566621488127,0.08854333785118329
W36894,0.0,0.9999637119759872
W36895,0.9995552562118901,0.0
W36897,0.0,0.9999989601113723
W36898,0.0,0.9999975557574783
W36899,0.9919867890263354,0.0
W36900,0.0,0.9999829376317171
W36901,0.0,0.9999980819786717
W36902,0.0,0.9999926452709739
W36903,0.9999717498794092,0.0
W36905,0.0,0.9999990784739113
W36906,0.0,0.9999990961475811
W36907,0.9998664083652828,0.0
W36908,0.9999958568614005,0.0
W36909,0.5950257653844739,0.4049742346155239
W36910,0.9999984200399249,0.0
W36911,0.9999984289887864,0.0
W36912,0.9988847652397183,0.0
W36913,0.0,0.9999985799043756
W36914,0.999950532358192,0.0
W36915,0.751857991176184,0.2481420088238131
W36916,0.9999215007308746,0.0
W36917,0.9999690675990858,0.0
W36918,0.9999872620577598,0.0
W36919,0.0,0.9999804077690272
W36920,0.9999596468831267,0.0
W36921,0.9998819579771219,0.0
W36922,0.0,0.9995964457932616
W36923,0.0,0.9999990290129137
W36924,0.9999403537966391,0.0
W36925,0.9999882987542621,0.0
W36926,0.999891594361972,0.0
W36927,0.0,0.9978677268089509
W36928,0.9990211961381656,0.0
W36929,0.5380846817190275,0.4619153182809701
W36930,0.9999954508732072,0.0
W36931,0.1535337600359016,0.8464662399640961
W36932,0.9999969489378864,0.0
W36933,0.9999969683269219,0.0
W36934,0.9258092171958159,0.07419078280418015
W36935,0.1184606211707185,0.88153937882928
W36936,0.9999636017088284,0.0
W36939,0.9999499523176444,0.0
W36940,0.9999877344411613,0.0
W36941,0.9999666582834483,0.0
W36942,0.9999327012025041,0.0
W36943,0.0,0.9999975498591679
W36944,0.24227657127190222,0.757723428728096
W36945,0.4719006900748097,0.5280993099251879
W36946,0.9998886883754262,0.0
W36947,0.9999321966665664,0.0
W36948,0.9999978355233119,0.0
W36949,0.0,0.9999991150010086
W36950,0.0,0.999999138021979
W36951,0.0,0.9999929870119654
W36952,0.0,0.9999963763754924
W36953,0.0,0.9998217384912971
W36954,0.0,0.9999990518341144
W36955,0.9998026106514313,0.0
W36956,0.9999232884865723,0.0
W36957,0.999970304951945,0.0
W36958,0.9999979926413052,0.0
W36959,0.0,0.9999986153564331
W36960,0.0,0.9999951010242372
W36961,0.9999716730635406,0.0
W36962,0.9999850284288293,0.0
W36963,0.9999879999673371,0.0
W36964,0.9999834125328922,0.0
W36966,0.999970354339341,0.0
W36967,0.0,0.9999993256473123
W36969,0.8290543287974013,0.1709456712025956
W36970,0.9999952517135022,0.0
W36971,0.9999835516806941,0.0
W36972,0.9941285271977329,0.0
W36973,0.9931269239997049,0.0
W36974,0.0,0.9998187838230643
W36975,0.9999943133884723,0.0
W36976,0.47541541584404445,0.5245845841559539
W36978,0.0,0.9999991083601207
W36979,0.999935522123628,0.0
W36980,0.9997726867801069,0.0
W36981,0.8253891308180008,0.17461086918199603
W36982,0.9998776112442813,0.0
W36983,0.0,0.9986257494465051
W36984,0.9998271202407939,0.0
W36985,0.0,0.999985421159583
W36987,0.9859749968439644,0.014025003156032943
W36990,0.9999464365457061,0.0
W36991,0.999550436218416,0.0
W36992,0.0,0.9999986479694449
W36993,0.0,0.9999984468243912
W36994,0.9999960168482309,0.0
W36995,0.0,0.9999972665261684
W36996,0.0,0.9987435525130309
W36997,0.0,0.9999987091595514
W36998,0.010557669208832304,0.9894423307911651
W36999,0.9996137243917642,0.0
W37000,0.9999093359928046,0.0
W37001,0.9975513083203331,0.0
W37003,0.5388656884804821,0.46113431151951534
W37004,0.9999970220315862,0.0
W37005,0.999890386726217,0.0
W37006,0.5375676028959054,0.46243239710409234
W37008,0.0,0.9999973464851402
W37009,0.9999298612041283,0.0
W37010,0.5282940056643117,0.47170599433568605
W37011,0.0,0.9999965289530556
W37012,0.9370286481057581,0.06297135189423905
W37013,0.9999973734442156,0.0
W37014,0.0,0.9999988308601964
W37015,0.9991729718230016,0.0
W37016,0.9998817733599885,0.0
W37017,0.011606614109148533,0.988393385890849
W37018,0.0,0.999998059952614
W37019,0.0,0.9999920880726905
W37020,0.0,0.9999978619960828
W37022,0.826862808797606,0.17313719120238988
W37023,0.0,0.9999983549026326
W37024,0.0,0.999998489953918
W37025,0.9998879488120703,0.0
W37026,0.7562191255197457,0.2437808744802519
W37027,0.0,0.994374154096423
W37028,0.9999454604740093,0.0
W37029,0.5308130243751232,0.4691869756248745
W37030,0.0,0.9999929000720952
W37031,0.0,0.9999965336032898
W37032,0.9999489568467359,0.0
W37034,0.8274685240759148,0.17253147592408105
W37035,0.5147527501550901,0.48524724984490814
W37036,0.0,0.9999888382594739
W37037,0.0,0.997684128185688
W37039,0.0,0.9999969356992635
W37040,0.9998573397861856,0.0
W37041,0.0,0.9999954355544678
W37042,0.0,0.9999979764415433
W37043,0.9999962625580381,0.0
W37044,0.9999709442423514,0.0
W37045,0.9999506918955394,0.0
W37046,0.9999756440140422,0.0
W37047,0.9999765567895069,0.0
W37048,0.9998871564227043,0.0
W37049,0.0,0.9997654931839275
W37050,0.33619009499724894,0.6638099050027486
W37051,0.0,0.9999749918467654
W37052,0.0,0.9999983792827598
W37053,0.5299092685157263,0.470090731484271
W37054,0.0,0.9999985504594351
W37055,0.9999902269551628,0.0
W37056,0.0,0.9999979326956528
W37057,0.9999734596704022,0.0
W37058,0.9999813198056726,0.0
W37059,0.0,0.9999883863790358
W37060,0.9999939813823951,0.0
W37061,0.02101514798334042,0.9789848520166572
W37063,0.9933029824250668,0.0
W37065,0.0,0.9999991372461201
W37066,0.0,0.9953640759597975
W37067,0.0,0.9999983497381655
W37068,0.0,0.9999968809955425
W37069,0.9999575800977629,0.0
W37070,0.9987993838754716,0.0
W37072,0.5331722511596051,0.466827748840392
W37073,0.9999493157628797,0.0
W37074,0.9999407368245041,0.0
W37075,0.9999836313968193,0.0
W37077,0.93873157667411,0.06126842332588728
W37078,0.8990999458052578,0.10090005419473848
W37079,0.0,0.9989087062308141
W37080,0.9999969521420629,0.0
W37081,0.9999548560323381,0.0
W37082,0.9999881210166217,0.0
W37083,0.0,0.9999980310352308
W37084,0.0,0.9999989692014972
W37085,0.9997672078585382,0.0
W37086,0.0,0.9978900234816448
W37087,0.0,0.9999878682004082
W37088,0.0,0.99999884944584
W37089,0.9999976399082444,0.0
W37090,0.8814306625284194,0.11856933747157708
W37091,0.8412961544695716,0.15870384553042433
W37092,0.5465957759506681,0.45340422404932995
W37093,0.5342054932181828,0.46579450678181533
W37094,0.9999957905096035,0.0
W37095,0.01920588169545686,0.9807941183045406
W37096,0.999869443471202,0.0
W37097,0.9868420720031321,0.013157927996864827
W37098,0.9999270652907168,0.0
W37099,0.0,0.9999983128379009
W37100,0.9999984404255748,0.0
W37101,0.9997832685627303,0.0
W37102,0.9999682759884032,0.0
W37103,0.0,0.9999993415265565
W37104,0.9999213093305779,0.0
W37105,0.9999975929670706,0.0
W37106,0.0,0.9999988707260783
W37108,0.5299869896621511,0.4700130103378465
W37109,0.5320244899945951,0.4679755100054024
W37110,0.0,0.9999942302358853
W37111,0.9999710236872753,0.0
W37112,0.0,0.9999961289811543
W37113,0.0,0.9999787740552987
W37114,0.9999291371866366,0.0
W37115,0.4347767102497885,0.5652232897502101
W37116,0.9999576712627232,0.0
W37117,0.9959460539754796,0.0
W37118,0.9996225997582551,0.0
W37119,0.0,0.9999941874463533
W37120,0.0,0.999994355710917
W37121,0.0,0.9999989828036291
W37122,0.9999789212035628,0.0
W37123,0.9999972818517917,0.0
W37124,0.9999222903518028,0.0
W37125,0.0,0.9999992324398566
W37127,0.0,0.9999989828950582
W37128,0.9995515716475147,0.0
W37130,0.0,0.9999923611732369
W37131,0.0,0.9999956027047203
W37132,0.9999974961934078,0.0
W37133,0.9999976031856914,0.0
W37134,0.01659684674328881,0.9834031532567082
W37135,0.0,0.9999992921203827
W37137,0.9999215644905618,0.0
W37138,0.999996608027073,0.0
W37139,0.0,0.9999990430490926
W37140,0.21452571727033082,0.7854742827296679
W37141,0.0,0.9999506043304982
W37142,0.9999799056905732,0.0
W37143,0.0,0.9999976953836106
W37144,0.0,0.9997780480679956
W37145,0.0,0.9999973174301146
W37146,0.0,0.9999989653518657
W37147,0.5123376415063148,0.4876623584936829
W37148,0.999994904814746,0.0
W37150,0.9382211667455433,0.061778833254453394
W37151,0.0,0.999998567140236
W37152,0.0,0.9999908421632606
W37153,0.5336535232990152,0.46634647670098217
W37154,0.0,0.9999757260501114
W37156,0.0,0.9999970121617443
W37157,0.9999820253511906,0.0
W37158,0.0,0.9999990774969995
W37159,0.0,0.9999991648252766
W37161,0.49436623425057735,0.5056337657494205
W37162,0.0,0.9999993324672498
W37163,0.5305661785805134,0.4694338214194841
W37164,0.0,0.9984188158635252
W37165,0.0,0.999998916256702
W37166,0.0,0.9999883307033746
W37167,0.9999256234450085,0.0
W37168,0.0,0.9999963061107495
W37169,0.9999975422872077,0.0
W37170,0.9999819569536422,0.0
W37171,0.0,0.9999931084106309
W37172,0.9999606820272052,0.0
W37173,0.0,0.9999981152429165
W37174,0.0,0.9999984706136633
W37175,0.9999976635012965,0.0
W37176,0.9999796375446344,0.0
W37177,0.9998677055236393,0.0
W37178,0.0,0.9968449043073084
W37179,0.9999796721386198,0.0
W37180,0.9999121866065712,0.0
W37181,0.9999921225804334,0.0
W37182,0.8805245859380189,0.11947541406197748
W37183,0.5151628703244492,0.48483712967554826
W37184,0.6065628910898102,0.39343710891018774
W37185,0.9998997885757102,0.0
W37186,0.9995144624495711,0.0
W37187,0.0,0.9999955194438164
W37188,0.7400079754648374,0.2599920245351593
W37190,0.0,0.9999959145439831
W37191,0.9998694436120554,0.0
W37192,0.9999215557853192,0.0
W37193,0.0,0.9999986207636052
W37194,0.0,0.9999274165406826
W37195,0.0,0.9999892550069336
W37196,0.9999420217850208,0.0
W37197,0.0,0.9999950891937243
W37198,0.1001355125761847,0.8998644874238135
W37199,0.0,0.9999965602805589
W37200,0.9999970772782142,0.0
W37201,0.9998971464859295,0.0
W37202,0.020173994327568612,0.9798260056724284
W37203,0.8320710771382785,0.16792892286171812
W37204,0.9999936602934871,0.0
W37205,0.9999646074344094,0.0
W37206,0.9999793188095155,0.0
W37207,0.9999904018599077,0.0
W37208,0.0,0.9999984339924366
W37209,0.9997999210356621,0.0
W37210,0.9992929732177248,0.0
W37211,0.7378681605580262,0.2621318394419713
W37212,0.8432905318276311,0.15670946817236517
W37213,0.5612389372552716,0.4387610627447259
W37215,0.0,0.9999983695876015
W37216,0.0,0.9998984706786616
W37217,0.0,0.9999952290916932
W37218,0.9999922317866555,0.0
W37219,0.0,0.9998758317694038
W37220,0.0,0.9999930757595813
W37221,0.0,0.9999900167238378
W37223,0.0,0.9999980584327444
W37224,0.9999253906238281,0.0
W37225,0.9999911460852683,0.0
W37226,0.8323550732200178,0.16764492677997894
W37227,0.0,0.9999919664121215
W37228,0.4735121271679944,0.5264878728320039
W37229,0.5176656884223145,0.4823343115776825
W37230,0.9999974217912899,0.0
W37231,0.0,0.9999966308163315
W37232,0.9999255027755158,0.0
W37233,0.0,0.9999946062252756
W37234,0.0,0.999985427366535
W37235,0.9999733297212221,0.0
W37236,0.13392871747841006,0.8660712825215886
W37237,0.9999375501537988,0.0
W37238,0.6744575422278637,0.3255424577721338
W37239,0.0,0.9999973800994293
W37240,0.9987269597428217,0.0
W37241,0.0,0.9999979515674102
W37242,0.9993961058322063,0.0
W37243,0.0,0.9999948710357791
W37244,0.9999930504197982,0.0
W37245,0.0,0.9998666821389404
W37246,0.0,0.9999817792620026
W37247,0.7759751657894327,0.22402483421056504
W37248,0.011837395697537157,0.9881626043024604
W37249,0.9449777489752083,0.05502225102478854
W37250,0.0,0.9999993309173612
W37251,0.0,0.9999890079237534
W37252,0.8491359959275588,0.15086400407243775
W37253,0.0,0.9999003331862073
W37258,0.9999925906133739,0.0
W37259,0.0,0.9999947156918729
W37260,0.14254921405349244,0.8574507859465057
W37261,0.018630025563130863,0.9813699744368664
W37262,0.0,0.9999943597114876
W37264,0.0,0.9996600791333294
W37265,0.0,0.9999984903059002
W37266,0.0,0.9999991477036921
W37267,0.9999984522394703,0.0
W37268,0.5299161292379353,0.4700838707620626
W37269,0.0,0.9999988817989199
W37270,0.9999982627153168,0.0
W37273,0.995721370486059,0.0
W37274,0.9949156154280712,0.0
W37275,0.0,0.9999991327561326
W37276,0.0,0.9999991568351654
W37277,0.9999932985256523,0.0
W37278,0.9960603709067284,0.0
W37279,0.9907285297060038,0.0
W37280,0.9999961407103949,0.0
W37281,0.9999984181898277,0.0
W37282,0.0,0.9999991577340446
W37283,0.9999212270506761,0.0
W37284,0.0,0.9999940454845744
W37285,0.0,0.9999992364853629
W37286,0.9999799363851289,0.0
W37288,0.9999594596891879,0.0
W37289,0.993068179256642,0.0
W37290,0.9999976320617997,0.0
W37291,0.8442048529482525,0.1557951470517432
W37292,0.0,0.9999987770404934
W37293,0.0,0.9999986991116431
W37294,0.0,0.9999986054028849
W37295,0.35489728627631323,0.6451027137236847
W37296,0.9999984433080991,0.0
W37297,0.9999759676803996,0.0
W37298,0.0,0.9999661049887147
W37300,0.9995180806357491,0.0
W37301,0.0,0.999998762687071
W37302,0.9999726160443242,0.0
W37303,0.999992937792314,0.0
W37304,0.9999918910875403,0.0
W37305,0.9999143914313527,0.0
W37306,0.0,0.9999991546648166
W37307,0.0,0.9999986113568026
W37308,0.9998880671388295,0.0
W37309,0.19766427513979634,0.802335724860202
W37310,0.5826907577719233,0.41730924222807464
W37311,0.5187228783155137,0.48127712168448344
W37312,0.99990390837594,0.0
W37313,0.0,0.9999932508807049
W37314,0.0,0.9963808681639004
W37315,0.9999097487447022,0.0
W37317,0.29764262434946365,0.7023573756505342
W37318,0.0,0.9999978742957512
W37319,0.8357526992039551,0.16424730079604172
W37320,0.5233983741495025,0.47660162585049537
W37322,0.9999968681923688,0.0
W37323,0.0,0.9997719719559499
W37324,0.9999797268138771,0.0
W37325,0.0,0.9999882700877633
W37326,0.9999424539694328,0.0
W37327,0.8616645155561303,0.1383354844438659
W37328,0.328614219669168,0.6713857803308304
W37330,0.9999905950429573,0.0
W37331,0.5378304337830455,0.46216956621695204
W37332,0.9998952569343683,0.0
W37334,0.8341470812076365,0.1658529187923594
W37335,0.999951917510894,0.0
W37336,0.0,0.9999990315369839
W37337,0.9999938939302413,0.0
W37338,0.0,0.9999993060131738
W37339,0.0,0.9999936786357557
W37341,0.9999982545165762,0.0
W37342,0.0,0.999999210678254
W37344,0.0,0.9999988313231385
W37345,0.0,0.9999988557984605
W37346,0.0,0.9999992448297816
W37347,0.09675599476164085,0.9032440052383572
W37348,0.9999976525118854,0.0
W37349,0.8608601424488538,0.13913985755114233
W37350,0.9999431469180262,0.0
W37353,0.0,0.9999991386546196
W37354,0.998792322783415,0.0
W37355,0.5105918873177919,0.4894081126822062
W37356,0.5338411472506894,0.46615885274930824
W37357,0.9999955649570671,0.0
W37358,0.9999056314555788,0.0
W37361,0.0,0.9999941183392107
W37362,0.9076922509575752,0.09230774904242031
W37363,0.9999705384229143,0.0
W37364,0.0,0.9999970529420497
W37365,0.0,0.9999986036103083
W37366,0.0,0.9999989746511773
W37367,0.9999816005890512,0.0
W37369,0.0,0.9999673984050899
W37371,0.0,0.9999963544995765
W37372,0.9998764782096827,0.0
W37373,0.9999126199088004,0.0
W37374,0.0,0.9997018171283515
W37375,0.5079065402172708,0.49209345978272706
W37376,0.9999637643203652,0.0
W37377,0.0,0.9999987440323452
W37378,0.0,0.9999985187751296
W37379,0.9999456199158798,0.0
W37380,0.0,0.9999982052715412
W37381,0.0,0.9999964810637978
W37382,0.5421192021237224,0.457880797876275
W37384,0.9999877572738738,0.0
W37385,0.9999843104255526,0.0
W37386,0.0,0.9999975289387822
W37387,0.0,0.9998828480773385
W37389,0.0,0.9999534956278602
W37390,0.9999953588101698,0.0
W37391,0.0,0.999999168019774
W37392,0.999843115701682,0.0
W37393,0.0,0.9999748917115101
W37394,0.9912032052790485,0.0
W37395,0.02222096238425736,0.9777790376157404
W37396,0.0,0.9999982146212884
W37397,0.5488635326431934,0.45113646735680396
W37398,0.05942197336133728,0.9405780266386612
W37399,0.9999967915253343,0.0
W37401,0.9999975411711988,0.0
W37402,0.9993613326638391,0.0
W37403,0.0,0.9999938096762617
W37405,0.9999966419628812,0.0
W37406,0.0,0.99999647915628
W37407,0.0,0.9999990071446926
W37409,0.0,0.9998882507719197
W37410,0.0,0.999998612557079
W37411,0.0,0.9999959605508456
W37412,0.9998156174290243,0.0
W37413,0.0,0.9999989749702325
W37414,0.0,0.9999964703400535
W37415,0.0,0.9999902386619581
W37417,0.9999981439318482,0.0
W37418,0.9989950523342561,0.0
W37419,0.9999435693280736,0.0
W37420,0.0,0.9999990122963096
W37421,0.0,0.9999981433870827
W37422,0.0,0.9999993163479096
W37424,0.999997059475157,0.0
W37425,0.8020638230755119,0.1979361769244845
W37426,0.0,0.9999896741961936
W37427,0.5349073625085795,0.465092637491418
W37428,0.0,0.9997455695444247
W37429,0.0,0.9999943304891239
W37430,0.999853499693924,0.0
W37431,0.9999935167152942,0.0
W37432,0.9999893178253471,0.0
W37433,0.0,0.9999991125629482
W37434,0.9997654446286541,0.0
W37435,0.0,0.9993442737162017
W37436,0.9989638033586103,0.0
W37437,0.0,0.9999987529999439
W37442,0.013751721080163957,0.9862482789198337
W37443,0.9999866184010674,0.0
W37446,0.3008589593918024,0.6991410406081957
W37449,0.7843127636693266,0.21568723633067105
W37450,0.0,0.9999562979495055
W37451,0.5272380435999184,0.47276195640007895
W37452,0.8972102337263415,0.10278976627365494
W37453,0.0,0.9999973171202924
W37454,0.9999884419705247,0.0
W37455,0.0,0.9999224173133135
W37456,0.9999930307508349,0.0
W37457,0.9999937627156612,0.0
W37458,0.9999675624538436,0.0
W37459,0.0,0.9999987805603332
W37460,0.9999934776275026,0.0
W37461,0.5305314614997391,0.46946853850025855
W37462,0.0,0.999999234246014
W37463,0.9999880206435394,0.0
W37465,0.0,0.9999991878363528
W37466,0.9999378134011763,0.0
W37467,0.9999857432744204,0.0
W37468,0.8361854273157896,0.16381457268420677
W37469,0.9999961095673078,0.0
W37470,0.9998972073229062,0.0
W37471,0.9162493284015338,0.08375067159846297
W37473,0.0,0.9999993055994397
W37474,0.0,0.9992994510811395
W37475,0.990773196657022,0.0
W37476,0.9999978489637921,0.0
W37477,0.0,0.9999942922904637
W37478,0.9998686699521958,0.0
W37479,0.0,0.9905649826772966
W37480,0.9999861828276835,0.0
W37481,0.9999911396256043,0.0
W37482,0.0,0.9996970759944723
W37483,0.9192150889880049,0.08078491101199253
W37484,0.5283515605193655,0.4716484394806314
W37485,0.0,0.9999871112901086
W37486,0.0,0.9999939012359405
W37487,0.0,0.9999982369846171
W37488,0.999994034788095,0.0
W37489,0.18317837438993906,0.8168216256100591
W37490,0.8450480183022204,0.1549519816977758
W37491,0.9999587433748973,0.0
W37492,0.0,0.9999967149709299
W37493,0.0,0.9999962293374034
W37494,0.9998671033391345,0.0
W37496,0.999916016634933,0.0
W37497,0.2608414678111095,0.7391585321888887
W37498,0.0,0.999999294672442
W37499,0.9999520542633314,0.0
W37500,0.9998885901344405,0.0
W37501,0.0,0.9985015569345511
W37502,0.0,0.9999951371594007
W37504,0.9999967844090589,0.0
W37505,0.0,0.9999576284911676
W37506,0.521721874742977,0.4782781252570209
W37507,0.0,0.9999982590505279
W37508,0.9999785248061892,0.0
W37509,0.999942945372883,0.0
W37510,0.17422713374217624,0.8257728662578223
W37511,0.0,0.9999195019623444
W37512,0.0,0.9999964501191017
W37514,0.9998961982598269,0.0
W37515,0.4492510473736966,0.5507489526263019
W37516,0.05631922032954353,0.9436807796704544
W37517,0.0,0.9999877026739556
W37518,0.937384484133702,0.06261551586629498
W37519,0.9999973496495701,0.0
W37520,0.0,0.9999989251127135
W37521,0.9999891809364405,0.0
W37522,0.0,0.9999990111841603
W37523,0.0,0.9999976986007983
W37524,0.9996076676056982,0.0
W37525,0.9999969179196189,0.0
W37526,0.8032454884608723,0.19675451153912416
W37527,0.031638074253479954,0.9683619257465175
W37528,0.9999956673408206,0.0
W37529,0.0,0.9999933101924183
W37530,0.9992068401054874,0.0
W37531,0.4953947450241002,0.5046052549758976
W37532,0.9999757809192344,0.0
W37534,0.0,0.9999990942083914
W37535,0.9999974550116002,0.0
W37537,0.0,0.9999985782053511
W37538,0.0,0.9975276846482463
W37539,0.0,0.9999993129793006
W37540,0.0,0.9999992000634603
W37541,0.0,0.99999933183201
W37542,0.0,0.999999180969452
W37545,0.0,0.999517816265405
W37546,0.9999400860687522,0.0
W37548,0.0,0.9999970421227871
W37549,0.0,0.9999610322547019
W37551,0.9122529022609445,0.08774709773905195
W37552,0.9999900806897881,0.0
W37553,0.999868952078315,0.0
W37554,0.0,0.9999988044643985
W37555,0.0,0.9999954171098775
W37557,0.4854736673294593,0.5145263326705384
W37558,0.9880790106490895,0.01192098935090816
W37561,0.0,0.9999989831859947
W37562,0.9997704164410406,0.0
W37563,0.0,0.9999971685108745
W37564,0.9998513226843824,0.0
W37565,0.0,0.9999987891415674
W37566,0.0,0.9999982909123405
W37567,0.9668718100520056,0.0331281899479914
W37568,0.9999980507022304,0.0
W37569,0.999764449600488,0.0
W37570,0.9999971286822738,0.0
W37572,0.9390934891345766,0.06090651086541996
W37573,0.0,0.9999906457431849
W37574,0.0,0.9999985483337948
W37575,0.011912386215721094,0.9880876137842763
W37577,0.0,0.9999993035594995
W37578,0.9999897671471443,0.0
W37579,0.9995249716455097,0.0
W37580,0.9999942646583675,0.0
W37581,0.9993503174458882,0.0
W37582,0.9999309233886947,0.0
W37583,0.0,0.9999975561042241
W37584,0.4643162465418981,0.5356837534580997
W37585,0.9999891322130297,0.0
W37586,0.0,0.9999987434129457
W37587,0.9999446602708358,0.0
W37588,0.9999718189546931,0.0
W37589,0.9999783119264429,0.0
W37591,0.0,0.9999978125648878
W37593,0.9999953502773642,0.0
W37594,0.9999805090569652,0.0
W37595,0.8401023181248286,0.159897681875168
W37596,0.9983361054094113,0.0
W37597,0.9999967412652007,0.0
W37599,0.8325919379770109,0.16740806202298592
W37601,0.9999519921551352,0.0
W37602,0.0,0.9999335466739949
W37603,0.05357035437936124,0.9464296456206369
W37604,0.9999441977336645,0.0
W37605,0.0,0.9999896404481414
W37606,0.0,0.9954738378998741
W37607,0.0,0.9999986069484954
W37608,0.9829887893148942,0.017011210685103542
W37609,0.0,0.9970829581698892
W37610,0.5308833100451805,0.46911668995481737
W37611,0.9999680709074898,0.0
W37612,0.0,0.9996905516525383
W37613,0.9999383928217815,0.0
W37614,0.0,0.9999966529125617
W37615,0.9999961586530626,0.0
W37617,0.24994722076679265,0.7500527792332052
W37618,0.999956283783226,0.0
W37619,0.8143489099144497,0.18565109008554653
W37620,0.0,0.9999968473672899
W37621,0.0,0.9999989933894317
W37622,0.0,0.9999988491986808
W37624,0.9999858155890791,0.0
W37625,0.7856804862599405,0.2143195137400571
W37627,0.8631792859322148,0.13682071406778124
W37628,0.9099027877408585,0.09009721225913755
W37629,0.999906374724421,0.0
W37630,0.0,0.99999894434206
W37631,0.0,0.9999986481421056
W37633,0.0,0.9999986896361656
W37634,0.0,0.9999983806851886
W37635,0.011101277739484904,0.9888987222605125
W37642,0.5279066853876829,0.47209331461231474
W37644,0.8281667192854922,0.17183328071450477
W37650,0.3061249568606869,0.6938750431393117
W37651,0.0,0.9999992826241358
W37653,0.9352034788256238,0.06479652117437251
W37654,0.9999908844196017,0.0
W37657,0.9998653911454174,0.0
W37658,0.014718792225965043,0.9852812077740326
W37660,0.999952570811699,0.0
W37661,0.0,0.9999990008873305
W37663,0.9999985294424669,0.0
W37664,0.9999681125169997,0.0
W37665,0.0,0.99998240561902
W37666,0.5280384269741166,0.47196157302588126
W37667,0.9999312168525492,0.0
W37668,0.0,0.9999928938524583
W37669,0.9999576947226315,0.0
W37670,0.0,0.9999988886838203
W37673,0.9999819774118319,0.0
W37674,0.5645132222561,0.4354867777438977
W37675,0.0,0.9999985973520713
W37676,0.9927487184030279,0.0
W37680,0.9999566321910536,0.0
W37682,0.0,0.9999983053819861
W37683,0.0,0.9999992743256518
W37684,0.9998636918311308,0.0
W37685,0.9998218636092912,0.0
W37686,0.3324410615411715,0.6675589384588262
W37687,0.9999902700053511,0.0
W37689,0.9999534314200593,0.0
W37691,0.0,0.9999993359973709
W37692,0.0,0.99999871050896
W37693,0.0,0.9999991008519453
W37694,0.9999421584383152,0.0
W37696,0.9999982938767494,0.0
W37698,0.8625224162147948,0.1374775837852012
W37699,0.0,0.9999992136448066
W37700,0.9999861742035037,0.0
W37701,0.999980767274584,0.0
W37702,0.9999046572955321,0.0
W37704,0.9985280814930272,0.0
W37706,0.9999643770604607,0.0
W37707,0.9992695706733594,0.0
W37708,0.0,0.9999989801952667
W37709,0.5241523667946556,0.4758476332053424
W37710,0.0,0.9999991719393678
W37711,0.999995199820934,0.0
W37712,0.9997171557123583,0.0
W37713,0.04827518965349308,0.9517248103465052
W37714,0.0,0.9999991884432171
W37715,0.9999426697685803,0.0
W37716,0.9999241727681599,0.0
W37717,0.9999982741585399,0.0
W37718,0.0,0.9999874181378486
W37719,0.9933289461339301,0.0
W37720,0.0,0.9999984168810598
W37721,0.9998866856118708,0.0
W37722,0.9999100801170141,0.0
W37723,0.5466793343101701,0.4533206656898275
W37724,0.0,0.9994035227722282
W37725,0.0,0.9999951866072865
W37726,0.0,0.9986222841271352
W37728,0.9999260028266759,0.0
W37729,0.5686505015638565,0.43134949843614134
W37730,0.0,0.9999984041846441
W37731,0.9999982121927034,0.0
W37737,0.0,0.9999949935271031
W37738,0.02946485059863914,0.9705351494013583
W37739,0.9998892861289382,0.0
W37745,0.0,0.9999787447083979
W37746,0.0,0.9999990289654465
W37747,0.0,0.9999969878441491
W37748,0.9993416913988723,0.0
W37753,0.0,0.9999993524383872
W37754,0.9999983137031665,0.0
W37756,0.9998628852044125,0.0
W37758,0.9999585229429631,0.0
W37759,0.0,0.9983556044380127
W37761,0.0,0.9995764105702047
W37762,0.6418425813990973,0.3581574186009001
W37763,0.9063339449151093,0.09366605508488712
W37764,0.9947659851537451,0.0
W37765,0.0,0.9999440964657943
W37766,0.9990536094424609,0.0
W37769,0.0,0.9999493125773726
W37770,0.9999614672882233,0.0
W37771,0.0,0.9999992207594877
W37772,0.9999868070278739,0.0
W37776,0.046962527303569854,0.9530374726964281
W37777,0.999953653843511,0.0
W37778,0.7983078597890234,0.20169214021097367
W37779,0.0,0.9999935816745197
W37780,0.9590850501531937,0.04091494984680327
W37781,0.0,0.9999794009334002
W37782,0.0,0.9999970104152428
W37786,0.0,0.9999957392604029
W37788,0.9999385326551397,0.0
W37790,0.0,0.999947801560827
W37793,0.9996806810097882,0.0
W37794,0.9999974186511498,0.0
W37795,0.014503846212650193,0.9854961537873473
W37796,0.9999617500207407,0.0
W37797,0.9999963819401897,0.0
W37798,0.0,0.9999954613660111
W37799,0.9134319617168567,0.08656803828313983
W37800,0.9999838912337462,0.0
W37801,0.8251390794307971,0.174860920569199
W37803,0.9999952536775734,0.0
W37804,0.0,0.9999947864212508
W37805,0.9999665830175516,0.0
W37806,0.5329580584554191,0.46704194154457845
W37807,0.9999308627275502,0.0
W37809,0.9999178069448968,0.0
W37811,0.0,0.9999970216374323
W37812,0.0,0.999975152178008
W37813,0.9999614387036493,0.0
W37817,0.0,0.9999583035114029
W37818,0.9999942067146299,0.0
W37819,0.0,0.9999203723983708
W37820,0.0,0.9983053262800331
W37822,0.9999481145668787,0.0
W37825,0.9999431742131063,0.0
W37826,0.9999839305166901,0.0
W37828,0.999998354705925,0.0
W37830,0.17009612383428135,0.8299038761657169
W37833,0.0,0.9999993492749434
W37835,0.9998856740414507,0.0
W37838,0.182086871172912,0.8179131288270866
W37841,0.0,0.9999989042203596
W37842,0.9999643318440952,0.0
W37843,0.954215629320191,0.04578437067980568
W37844,0.15258952682863533,0.8474104731713632
W37847,0.4453839638567685,0.5546160361432291
W37848,0.4255920481958165,0.5744079518041816
W37849,0.9999978795754827,0.0
W37850,0.9999863978217433,0.0
W37851,0.0,0.9999971500975335
W37852,0.0,0.9999976365945251
W37853,0.9998585571917031,0.0
W37854,0.8008593451338348,0.19914065486616245
W37857,0.5572641909291555,0.44273580907084176
W37858,0.0,0.9999985938565472
W37859,0.0,0.9999745303000338
W37860,0.8446599587698598,0.15534004123013628
W37861,0.9999980739199121,0.0
W37863,0.999903786471598,0.0
W37864,0.0,0.9999960357676032
W37865,0.0,0.9999990324737243
W37866,0.9999980768979169,0.0
W37867,0.35742018902062256,0.6425798109793763
W37868,0.9998604676982221,0.0
W37870,0.8671744863763446,0.13282551362365153
W37872,0.999866957067804,0.0
W37873,0.0,0.9999278204820288
W37874,0.0,0.9999924207644164
W37875,0.0,0.999998078915679
W37876,0.0,0.9999985993855316
W37878,0.0,0.9999974593179839
W37880,0.9999522424376477,0.0
W37881,0.0,0.9999990510375931
W37882,0.9999579548053075,0.0
W37883,0.999940630092145,0.0
W37885,0.5603230476402431,0.43967695235975457
W37886,0.999960291040645,0.0
W37887,0.0,0.9999985052508442
W37888,0.0,0.999999292686421
W37889,0.9999909087435566,0.0
W37890,0.5231259985281704,0.47687400147182696
W37891,0.25707444493440573,0.7429255550655929
W37892,0.9914989392456508,0.0
W37893,0.0,0.9999981676700098
W37894,0.9999061565900726,0.0
W37895,0.9999614085989995,0.0
W37896,0.0,0.9999987077272541
W37898,0.9999181857139046,0.0
W37899,0.0,0.9999985659903656
W37900,0.0,0.9999981433691443
W37901,0.0,0.999998488191463
W37902,0.9999974414629168,0.0
W37903,0.367668341839208,0.6323316581607906
W37904,0.0,0.9999989327715779
W37906,0.995399027879917,0.0
W37907,0.6056568529641071,0.39434314703589013
W37908,0.12385668898525018,0.8761433110147484
W37909,0.23070871571641666,0.7692912842835815
W37910,0.9992245503889629,0.0
W37913,0.3596883216903468,0.640311678309651
W37914,0.5137989669967302,0.48620103300326756
W37915,0.0,0.9999987010040134
W37916,0.6890973722436698,0.31090262775632815
W37917,0.0,0.9999961573605356
W37918,0.0,0.9999774669476056
W37919,0.0,0.9999982969453931
W37921,0.999950251025538,0.0
W37922,0.999991200990678,0.0
W37923,0.0,0.9998983962310951
W37924,0.11884596499249386,0.8811540350075047
W37929,0.999984572313667,0.0
W37935,0.0,0.999984467829785
W37937,0.0,0.9999897639674955
W37938,0.0,0.9999992304970705
W37939,0.9999979281169924,0.0
W37940,0.0,0.9999632306892627
W37941,0.9995789602797505,0.0
W37942,0.9998708610180504,0.0
W37943,0.5771178437041912,0.4228821562958066
W37945,0.8461678460142819,0.15383215398571504
W37946,0.9999510791105859,0.0
W37948,0.9999806334580238,0.0
W37951,0.692752933775941,0.3072470662240569
W37952,0.0,0.9921782029264217
W37953,0.9999326059809182,0.0
W37954,0.9999829171486314,0.0
W37955,0.0,0.9999992577888703
W37956,0.999997359396205,0.0
W37957,0.9970214789812807,0.0
W37959,0.0,0.9999561336672875
W37960,0.0,0.9999160523787453
W37961,0.8161033625278158,0.18389663747218093
W37962,0.9999948402646432,0.0
W37963,0.9999765979517508,0.0
W37964,0.0,0.9997887569601144
W37965,0.0,0.9972233950946136
W37967,0.36967621917617804,0.6303237808238205
W37969,0.0,0.9999974179042601
W37970,0.8254773143566512,0.17452268564334528
W37971,0.48159399969598826,0.5184060003040096
W37972,0.9995168538377719,0.0
W37974,0.9999142763754691,0.0
W37975,0.9999895622336895,0.0
W37977,0.9997016961818757,0.0
W37978,0.0,0.999999033758302
W37979,0.5344762021338276,0.46552379786617004
W37980,0.0,0.9999987169947758
W37982,0.9999890001256608,0.0
W37983,0.34767947215653416,0.6523205278434642
W37984,0.9991535865396108,0.0
W37985,0.0,0.999999323597144
W37986,0.0,0.9999989567695735
W37988,0.0,0.9999988176285799
W37989,0.9511142591166801,0.048885740883316625
W37990,0.9999782092610046,0.0
W37991,0.0,0.9999993740298943
W37992,0.9968939979786509,0.0
W37993,0.9998286606072546,0.0
W37994,0.0,0.9999993034501421
W37995,0.9999934975925164,0.0
W37996,0.9999981177024242,0.0
W37997,0.9999618299358134,0.0
W38000,0.7529888943372902,0.2470111056627068
W38001,0.9999658177154466,0.0
W38002,0.9999950087003544,0.0
W38003,0.0,0.9999976448437188
W38004,0.8495069947247857,0.15049300527521065
W38005,0.0,0.9999967501394768
W38006,0.0,0.9993719854425953
W38008,0.9996914215227226,0.0
W38009,0.9946115516704678,0.0
W38010,0.0,0.9999475065157836
W38011,0.9999684220274503,0.0
W38012,0.0,0.9999954424298533
W38013,0.0,0.9935828350006122
W38014,0.9999970450263557,0.0
W38017,0.0,0.9999993054956867
W38018,0.9999965815254431,0.0
W38019,0.3294476340548592,0.6705523659451392
W38020,0.42430461323344276,0.5756953867665549
W38021,0.9999252668781258,0.0
W38022,0.9999918262153662,0.0
W38023,0.0,0.9999992079916107
W38025,0.0,0.9999899436406874
W38026,0.9999793068633561,0.0
W38027,0.9999958705844114,0.0
W38030,0.8592005158564258,0.1407994841435708
W38031,0.0,0.9999596293317329
W38032,0.0,0.9999406002009126
W38033,0.0,0.9999991865285096
W38034,0.0,0.9999992676922699
W38035,0.5333916265648573,0.46660837343514017
W38036,0.8932477273599148,0.10675227264008222
W38037,0.0,0.9946132141873367
W38039,0.9999983691060039,0.0
W38040,0.0,0.9999991558595915
W38041,0.9999904901259276,0.0
W38042,0.0,0.9999980374229959
W38043,0.0,0.9999990613544679
W38045,0.0,0.9928543927900905
W38046,0.9999940303703603,0.0
W38047,0.9999926186490579,0.0
W38048,0.0,0.9999992712682855
W38049,0.9992716428261422,0.0
W38050,0.0,0.9990567484905513
W38051,0.0,0.9999980351884794
W38052,0.9999964026851333,0.0
W38053,0.999994866827643,0.0
W38054,0.5812803524972636,0.4187196475027336
W38055,0.0,0.9999991670819521
W38056,0.9988686801155463,0.0
W38057,0.0,0.9999990967296042
W38058,0.9999420051377866,0.0
W38059,0.5379935903858446,0.46200640961415274
W38060,0.0,0.9999733543804976
W38061,0.9991601061608173,0.0
W38062,0.9946036377120895,0.0
W38063,0.0,0.99999923718314
W38064,0.5325350696163458,0.46746493038365217
W38065,0.0,0.9999992817194224
W38066,0.0,0.999997167425277
W38067,0.5185687750427384,0.4814312249572594
W38068,0.9997723895174901,0.0
W38069,0.0,0.9997511031833648
W38070,0.999969456385419,0.0
W38071,0.7921677753503611,0.20783222464963585
W38072,0.9987207824757123,0.0
W38073,0.0,0.9999951391387953
W38074,0.0,0.9999977851459341
W38075,0.0,0.9999982258751869
W38076,0.06490796521748533,0.9350920347825125
W38077,0.0,0.9999988943761037
W38078,0.999997582867924,0.0
W38079,0.0,0.9999931241076288
W38080,0.0,0.9999977025364151
W38081,0.0,0.9999621814065913
W38082,0.12976404405949116,0.870235955940507
W38083,0.5188173136503285,0.4811826863496689
W38084,0.0,0.9999953261413614
W38085,0.9999977614306024,0.0
W38086,0.0,0.9999990734942379
W38087,0.9998878010566162,0.0
W38088,0.9794387071219697,0.020561292878027777
W38090,0.0,0.9999982109953388
W38091,0.0,0.9999990516603231
W38092,0.9911233147740592,0.0
W38093,0.05533307358504048,0.9446669264149574
W38094,0.9998107778020153,0.0
W38095,0.9999978275771525,0.0
W38096,0.43276430578544006,0.5672356942145582
W38097,0.9978951266369694,0.0
W38098,0.9999538885743348,0.0
W38100,0.9999664658270997,0.0
W38101,0.9999447923257402,0.0
W38102,0.0,0.9999976615875371
W38103,0.9999886436685028,0.0
W38104,0.5129232999620699,0.48707670003792825
W38105,0.9999911754567532,0.0
W38106,0.9998954790821621,0.0
W38107,0.9999914831499913,0.0
W38108,0.01985568054913434,0.9801443194508632
W38109,0.9999933403573028,0.0
W38110,0.9999971725181754,0.0
W38111,0.0,0.9999989983448138
W38112,0.9997822480806523,0.0
W38113,0.9999532751100035,0.0
W38114,0.9882576730385895,0.011742326961407278
W38115,0.9999377022301135,0.0
W38116,0.0,0.9998804867480193
W38117,0.9879304142408551,0.01206958575914224
W38118,0.0,0.9999977180508741
W38119,0.0,0.9999993136002246
W38121,0.9998695990948676,0.0
W38123,0.0,0.9999988695484948
W38124,0.0,0.999995084269091
W38125,0.0,0.9999227638039252
W38126,0.0,0.9999898505713967
W38127,0.0,0.9999820841660096
W38128,0.9997202963921146,0.0
W38129,0.5682912636971474,0.43170873630284967
W38130,0.9999461106186907,0.0
W38131,0.9999976076875008,0.0
W38132,0.0,0.9999520938814429
W38133,0.0,0.9998648228912279
W38134,0.3155915084549367,0.6844084915450619
W38135,0.5378529161475049,0.46214708385249287
W38136,0.0,0.9999978160546105
W38137,0.0,0.999992632542042
W38138,0.0,0.9999960382128164
W38140,0.9999474327165827,0.0
W38141,0.9998429058143379,0.0
W38142,0.0,0.9999980082038604
W38143,0.4531729966183512,0.5468270033816469
W38144,0.0,0.9999992988293932
W38145,0.0,0.9999941933298389
W38146,0.0,0.9999967007948523
W38147,0.0,0.9999984928160106
W38148,0.9999961109480099,0.0
W38149,0.5296686962685916,0.47033130373140597
W38150,0.0,0.9998544749603706
W38151,0.0,0.999997343047403
W38152,0.5322090214722669,0.46779097852773066
W38153,0.0,0.999767884915326
W38154,0.0,0.9999174876841986
W38155,0.0,0.9999988017720902
W38156,0.0,0.999865570982728
W38157,0.9379211441129892,0.06207885588700783
W38158,0.0,0.9999989244255523
W38159,0.6466800602465691,0.3533199397534284
W38161,0.9999767087571633,0.0
W38162,0.0,0.9999973821119446
W38163,0.0,0.9999986036836651
W38164,0.0,0.9999978444384845
W38165,0.0,0.9992845280902289
W38166,0.0,0.9999136403755469
W38167,0.9999568081563708,0.0
W38168,0.9999898517710795,0.0
W38169,0.9999984258781296,0.0
W38170,0.7784442551039724,0.22155574489602448
W38171,0.9999752957285872,0.0
W38172,0.9999555014070964,0.0
W38173,0.0,0.9999939533143889
W38175,0.0,0.999999142960527
W38176,0.0,0.9998263355477718
W38177,0.0,0.9999983447577641
W38180,0.9999974299071153,0.0
W38181,0.0,0.9999961328254948
W38182,0.999839768939573,0.0
W38183,0.0,0.9999986838330164
W38184,0.9999956053953176,0.0
W38185,0.0,0.9999966372364149
W38186,0.0,0.999995242948087
W38187,0.0,0.9999986981068191
W38188,0.0,0.9999975589626837
W38189,0.9999978122617533,0.0
W38190,0.0,0.9999953411642062
W38191,0.9286432390627851,0.0713567609372116
W38192,0.0,0.999998828219612
W38193,0.8266748590361818,0.17332514096381488
W38194,0.9999934143949856,0.0
W38195,0.9999946221600011,0.0
W38196,0.9999346867538296,0.0
W38197,0.9905823005841661,0.0
W38198,0.0,0.9984566780595823
W38199,0.9943957528431412,0.0
W38200,0.0,0.9999989586422524
W38201,0.0,0.9999990029706588
W38202,0.0,0.9999844104095763
W38203,0.5342282054306562,0.4657717945693412
W38204,0.0,0.9999981758235067
W38205,0.9999961775150776,0.0
W38206,0.0,0.9999991267319248
W38207,0.6877058907425041,0.31229410925749346
W38208,0.9999850510856667,0.0
W38209,0.0,0.9999987712143803
W38210,0.999984103073743,0.0
W38211,0.0,0.9999992458926856
W38212,0.9999953388587841,0.0
W38213,0.9999972144298517,0.0
W38214,0.9999900838074353,0.0
W38215,0.9999624026267953,0.0
W38217,0.0,0.9999993371413105
W38218,0.9999918399228607,0.0
W38219,0.199375209976572,0.800624790023426
W38220,0.0,0.9999985003336586
W38221,0.9999672637035506,0.0
W38222,0.2275824904529769,0.7724175095470214
W38223,0.7545246822944548,0.24547531770554243
W38224,0.5163498783103619,0.4836501216896355
W38225,0.9999984484792165,0.0
W38226,0.999992480058751,0.0
W38227,0.9999044518654455,0.0
W38228,0.999998398105476,0.0
W38229,0.1976978391103947,0.802302160889604
W38230,0.0,0.9999993339328523
W38231,0.0,0.9999992255406737
W38232,0.9999155378067189,0.0
W38233,0.0,0.9999990852336078
W38234,0.0,0.9999990161808672
W38235,0.9999896534300512,0.0
W38237,0.9976479456858919,0.0
W38238,0.0,0.9999983789261775
W38239,0.0,0.9999990466839606
W38240,0.19475123160903002,0.8052487683909677
W38241,0.5377439803743693,0.4622560196256286
W38242,0.0,0.9999732841817411
W38243,0.0,0.9999983768899532
W38244,0.999992146460786,0.0
W38245,0.5298828529994276,0.4701171470005704
W38246,0.9999484934691689,0.0
W38247,0.0,0.9999956270695001
W38248,0.0,0.9999912814054658
W38249,0.9964356012492237,0.0
W38250,0.9263062220375766,0.07369377796241991
W38251,0.0,0.9999992425794901
W38252,0.9999705209377445,0.0
W38253,0.9974695728039125,0.0
W38254,0.0,0.9999869791049705
W38255,0.3031585032517201,0.6968414967482781
W38256,0.0,0.9960701361238249
W38257,0.9999291552110083,0.0
W38258,0.9999714232068906,0.0
W38259,0.0,0.9999977843034025
W38260,0.0,0.9999989868492709
W38261,0.0,0.9999975070074294
W38262,0.0,0.999998457228895
W38263,0.9999980982202452,0.0
W38264,0.0,0.9999993252878325
W38266,0.3487141039773315,0.6512858960226673
W38268,0.0,0.9998038745231782
W38269,0.999981996558974,0.0
W38270,0.0,0.9999918743351542
W38271,0.9940892405349779,0.0
W38272,0.0,0.9997387621365219
W38273,0.0,0.9999976248239573
W38274,0.5593360933745805,0.4406639066254171
W38275,0.0,0.9999982751592085
W38276,0.0,0.9996438368851926
W38277,0.9999354641179594,0.0
W38278,0.9999542602190078,0.0
W38279,0.9999904351174682,0.0
W38280,0.9994571213175323,0.0
W38282,0.0,0.9999972822845402
W38283,0.0,0.9999991624928812
W38284,0.9999966601874516,0.0
W38285,0.9999979813819793,0.0
W38286,0.999869211752932,0.0
W38287,0.0,0.9999934768998127
W38288,0.0,0.9906717757761989
W38289,0.0,0.9999989051663635
W38290,0.9996852336335744,0.0
W38291,0.9999286113538236,0.0
W38292,0.0,0.9996537718242668
W38293,0.0,0.9999954332957803
W38294,0.9999970011378403,0.0
W38295,0.9999648991024463,0.0
W38296,0.9999736093112019,0.0
W38297,0.9999038576488073,0.0
W38298,0.9999195691249606,0.0
W38299,0.7330121900286453,0.2669878099713527
W38300,0.9999960064973625,0.0
W38301,0.9262539485730882,0.07374605142690802
W38302,0.0,0.9974010011508347
W38303,0.999974043455484,0.0
W38304,0.0,0.9999934513261913
W38305,0.99986890743447,0.0
W38306,0.9955411080374267,0.0
W38307,0.9999950824762477,0.0
W38308,0.0,0.9999964557268815
W38309,0.8319105818804227,0.16808941811957379
W38310,0.999876894409276,0.0
W38311,0.0,0.999998740794455
W38313,0.7770022821653443,0.22299771783465225
W38314,0.0,0.9999960287287516
W38315,0.9999153092728972,0.0
W38316,0.9999227141705604,0.0
W38318,0.9999806628214682,0.0
W38319,0.9999609085384564,0.0
W38320,0.9990800584211198,0.0
W38321,0.9999970579951749,0.0
W38322,0.9889306381511124,0.011069361848884034
W38323,0.6558200485581751,0.3441799514418225
W38324,0.9999181497743348,0.0
W38326,0.9999830000386059,0.0
W38327,0.9999508845714487,0.0
W38328,0.02728118829558588,0.9727188117044115
W38329,0.999990927912737,0.0
W38330,0.8988542830078963,0.10114571699209926
W38331,0.0,0.9999985902048392
W38332,0.9999850041602132,0.0
W38333,0.999856878117279,0.0
W38334,0.0,0.9999974340052564
W38335,0.0,0.9946558519496601
W38336,0.9999983810980875,0.0
W38337,0.0,0.9999980135170851
W38338,0.0,0.9999964569713036
W38339,0.0,0.9985942538207704
W38340,0.0,0.9999965115498518
W38341,0.0,0.9999941680619966
W38342,0.9999537281524723,0.0
W38343,0.0,0.9999980472035004
W38344,0.999948309932019,0.0
W38345,0.9999590928863724,0.0
W38346,0.0,0.999953518064561
W38347,0.16123624029009687,0.8387637597099014
W38348,0.9750599247979973,0.02494007520199944
W38349,0.4791339911445437,0.5208660088554544
W38350,0.9998307028309958,0.0
W38351,0.011302973190817456,0.9886970268091799
W38352,0.9999891617296526,0.0
W38353,0.0,0.999992386476923
W38354,0.9296871490503894,0.07031285094960764
W38355,0.0,0.999995952937495
W38356,0.9999422534834757,0.0
W38357,0.0,0.9999926611440144
W38358,0.9819154103153103,0.018084589684687263
W38359,0.0,0.9999971364068851
W38360,0.0,0.9999992084689235
W38361,0.0,0.9999974996331976
W38362,0.0,0.9999894451207072
W38363,0.999956448064992,0.0
W38364,0.0,0.9999983592914297
W38365,0.0,0.9999943955896013
W38366,0.0,0.9999931836561766
W38367,0.0,0.9999977839281413
W38368,0.9924932665306883,0.0
W38369,0.0,0.9999919563054482
W38370,0.0,0.9999896677953279
W38372,0.5272050163949056,0.472794983605092
W38373,0.0,0.9999981511255891
W38374,0.539974706750758,0.46002529324923974
W38375,0.0,0.9999992024714819
W38376,0.7598946313174267,0.24010536868257007
W38377,0.8326089132483202,0.1673910867516774
W38379,0.0,0.9999968773912071
W38380,0.6661532221351171,0.33384677786488004
W38381,0.999851005772249,0.0
W38382,0.9999796570595779,0.0
W38383,0.9999469134618748,0.0
W38384,0.5292418232541363,0.4707581767458617
W38385,0.9999971626027111,0.0
W38386,0.0,0.9999950529083943
W38387,0.0,0.9999964410988893
W38388,0.539337674060026,0.46066232593997153
W38389,0.17511170229875347,0.8248882977012446
W38390,0.9999821082190488,0.0
W38391,0.0,0.9999984218240805
W38392,0.29040107338321935,0.7095989266167785
W38393,0.0,0.9999991102756478
W38394,0.0,0.9999958413732799
W38395,0.0,0.999999211319184
W38396,0.0,0.9999373869606649
W38398,0.7972546959850433,0.20274530401495378
W38399,0.0,0.9999939724285716
W38400,0.26993077901386014,0.7300692209861377
W38401,0.9999907066232027,0.0
W38402,0.0,0.9996501054540006
W38403,0.9999914724665804,0.0
W38404,0.5233304108857658,0.4766695891142315
W38405,0.0,0.9999989582996487
W38406,0.0,0.9999992993963165
W38407,0.9999744283343994,0.0
W38409,0.0,0.999751785287198
W38410,0.9999970594602448,0.0
W38411,0.9999902810454613,0.0
W38412,0.0,0.9998510313728604
W38413,0.9988560353535898,0.0
W38414,0.9999985766502403,0.0
W38415,0.0,0.9999977002455622
W38416,0.999986482889764,0.0
W38417,0.9999939199201106,0.0
W38418,0.9914783108436718,0.0
W38419,0.0,0.9999950648438045
W38420,0.9998695699543266,0.0
W38421,0.9999050625254176,0.0
W38422,0.0,0.9999972111901244
W38423,0.0,0.9999989471186839
W38425,0.9998855785737251,0.0
W38426,0.0,0.9999985127873988
W38427,0.9999699157660211,0.0
W38428,0.9999892757328183,0.0
W38429,0.9993179398616739,0.0
W38430,0.9999966532812755,0.0
W38431,0.9999444211888785,0.0
W38433,0.9999666067937816,0.0
W38434,0.9999257276844252,0.0
W38435,0.9999960474140603,0.0
W38436,0.9997090706706742,0.0
W38437,0.0,0.9999972632779348
W38438,0.9998844091949725,0.0
W38439,0.7650217667897039,0.23497823321029318
W38440,0.0,0.9999991162499664
W38441,0.999956941995807,0.0
W38443,0.0,0.9999983045762959
W38444,0.9595313701577854,0.04046862984221138
W38445,0.9999791884697489,0.0
W38446,0.999996336283083,0.0
W38447,0.9999507302490693,0.0
W38448,0.0,0.999999353495348
W38449,0.2616096065572979,0.7383903934427003
W38450,0.0,0.9999799010428116
W38451,0.9933600074308744,0.0
W38452,0.0,0.9999975848844613
W38453,0.9999414421281764,0.0
W38454,0.0,0.9996601524077418
W38455,0.0,0.9999967268272938
W38456,0.9997652584468647,0.0
W38457,0.999965967586594,0.0
W38458,0.0,0.9999924374519321
W38459,0.0,0.9999444025164191
W38460,0.9999940858311984,0.0
W38461,0.9993475580101896,0.0
W38462,0.9999457581926614,0.0
W38463,0.0,0.9999916277785037
W38464,0.0,0.999998008440059
W38465,0.0,0.9994856485803473
W38466,0.6391711827071992,0.36082881729279903
W38467,0.9902968857730743,0.0
W38468,0.0,0.9999774759128603
W38469,0.0,0.9999929749325093
W38470,0.9999970637254425,0.0
W38471,0.9899293799663934,0.010070620033604476
W38474,0.5306604332707014,0.46933956672929655
W38475,0.9998570592294296,0.0
W38477,0.0,0.9999949256757957
W38478,0.5311621428135402,0.46883785718645765
W38480,0.0,0.9999940841030859
W38481,0.9311018366333162,0.06889816336668017
W38482,0.0,0.9902844892543878
W38483,0.0,0.9999927614602813
W38484,0.0,0.9999974592760783
W38485,0.9352195508206683,0.06478044917932822
W38486,0.0,0.9999985473028395
W38488,0.0,0.9999978768770246
W38489,0.9996910499795195,0.0
W38491,0.9999950212927282,0.0
W38492,0.0,0.9999990152458811
W38493,0.0,0.9999949425145209
W38494,0.9999750913618926,0.0
W38495,0.9999820260946415,0.0
W38496,0.9989060243029934,0.0
W38497,0.7916995332047696,0.2083004667952283
W38498,0.9999736799014534,0.0
W38500,0.0,0.9999976639290998
W38501,0.0,0.999998323068275
W38502,0.0,0.9999756964475275
W38503,0.0,0.9999959138956767
W38505,0.0,0.9999987635474469
W38506,0.9999965544011199,0.0
W38507,0.0,0.9999972867957797
W38509,0.9999937084485293,0.0
W38510,0.0,0.9999981240671989
W38512,0.9994616102972548,0.0
W38515,0.0,0.9999954017929574
W38516,0.0,0.9926076422733316
W38517,0.0,0.9976745159532393
W38519,0.9999284863625413,0.0
W38521,0.0,0.9999951253559498
W38522,0.0,0.9999926517484001
W38523,0.8339607547528719,0.16603924524712507
W38524,0.8989505006033554,0.10104949939664115
W38525,0.9999185202645672,0.0
W38526,0.9999417050833941,0.0
W38527,0.0,0.9999975961666971
W38528,0.0,0.9999984547448686
W38529,0.5286080755724367,0.47139192442756095
W38530,0.9999931924598154,0.0
W38531,0.9999088206778369,0.0
W38532,0.9992580278661456,0.0
W38533,0.0,0.9999908634501242
W38534,0.0,0.9999972758633774
W38535,0.9999871670035272,0.0
W38536,0.9001851042362319,0.0998148957637642
W38537,0.0,0.99991237020947
W38538,0.0,0.9999956944455382
W38539,0.9998366028808428,0.0
W38540,0.999947725951778,0.0
W38541,0.5455676683804981,0.4544323316194997
W38543,0.0,0.9999980883023734
W38544,0.0,0.9999992132637722
W38545,0.0,0.9998596098844528
W38546,0.47385443298624097,0.5261455670137575
W38547,0.07111999553416543,0.9288800044658332
W38548,0.47734572817527976,0.5226542718247185
W38549,0.6510314930260539,0.3489685069739444
W38550,0.8407886953597766,0.15921130464021974
W38551,0.534769646914625,0.46523035308537297
W38552,0.0,0.999996274969323
W38553,0.0,0.9999887827643055
W38554,0.012607270840590247,0.9873927291594071
W38555,0.0,0.9999957349928146
W38556,0.9999396264083458,0.0
W38558,0.0,0.9999730397245752
W38559,0.07311939356134606,0.9268806064386521
W38560,0.0,0.9999990156406168
W38561,0.7065045714697158,0.2934954285302822
W38563,0.0,0.9999925932913998
W38564,0.9998087594586361,0.0
W38565,0.9999794191609704,0.0
W38568,0.9999430718838025,0.0
W38569,0.0,0.9956377124981213
W38570,0.9999527614867538,0.0
W38571,0.9994257829477854,0.0
W38572,0.0,0.9999558509345443
W38573,0.0,0.9999954594889247
W38575,0.07190281210716307,0.9280971878928355
W38576,0.9993295675126266,0.0
W38577,0.0,0.9999926543209521
W38578,0.9999063274549823,0.0
W38579,0.9517097719151449,0.048290228084852116
W38580,0.9998424176462635,0.0
W38581,0.9999957285172615,0.0
W38582,0.0,0.9999899847055495
W38583,0.8640764779416392,0.13592352205835712
W38584,0.0,0.9999974024417739
W38585,0.9999976467280265,0.0
W38586,0.15800105209808515,0.8419989479019134
W38587,0.9999453758617061,0.0
W38588,0.9998567408060894,0.0
W38589,0.7998410476329427,0.2001589523670544
W38590,0.5538419296531438,0.44615807034685384
W38591,0.9886012997083176,0.011398700291679355
W38592,0.9999505840185572,0.0
W38593,0.0,0.9999993354820118
W38594,0.9999979276785472,0.0
W38595,0.0,0.9999992818579005
W38596,0.9549187397040421,0.04508126029595497
W38597,0.0,0.9999984202918915
W38598,0.6939823194397088,0.30601768056028855
W38599,0.0,0.9999991236052017
W38601,0.9999544272958227,0.0
W38602,0.9999968238380761,0.0
W38603,0.999945833931887,0.0
W38604,0.0,0.9999992878043231
W38605,0.9999965534403075,0.0
W38606,0.5585392706756533,0.4414607293243439
W38607,0.09067229953652216,0.909327700463476
W38608,0.0,0.999975159639324
W38609,0.9999513806461504,0.0
W38610,0.9991283105469804,0.0
W38611,0.785562894787116,0.214437105212881
W38612,0.999826417083586,0.0
W38613,0.9999068920751543,0.0
W38614,0.612771777806429,0.38722822219356906
W38615,0.0,0.9999783251983212
W38616,0.9960659866306244,0.0
W38617,0.9999985536229976,0.0
W38618,0.9999777767262041,0.0
W38619,0.9966032406517457,0.0
W38620,0.9999689459181058,0.0
W38622,0.0,0.9999669732515095
W38623,0.0,0.9981220349914524
W38624,0.8192079219184333,0.18079207808156356
W38625,0.9999500652054232,0.0
W38626,0.5213524113674802,0.4786475886325176
W38627,0.9999271956458811,0.0
W38628,0.9999311683421659,0.0
W38629,0.0,0.9999964554846013
W38630,0.4655687245188723,0.5344312754811258
W38631,0.0,0.9999985456063427
W38632,0.99989976607851,0.0
W38633,0.6149206739828827,0.3850793260171148
W38634,0.9999934491468444,0.0
W38636,0.9999289251208439,0.0
W38637,0.0,0.9993786953755677
W38638,0.999992601378881,0.0
W38640,0.9921679050461567,0.0
W38643,0.7122139399072994,0.28778606009269814
W38644,0.8515638682682161,0.14843613173178036
W38645,0.9997107172631192,0.0
W38646,0.0,0.9999977890961655
W38647,0.9999563959570863,0.0
W38648,0.5189925440479177,0.48100745595208094
W38649,0.9999625702752298,0.0
W38650,0.0,0.9999954168923932
W38651,0.9998637013335477,0.0
W38652,0.8213703253788175,0.17862967462117924
W38653,0.9990060345174588,0.0
W38654,0.9999923774926414,0.0
W38655,0.6911820309812579,0.30881796901873965
W38656,0.0,0.9996417778710491
W38657,0.0,0.9999990789333053
W38659,0.9999427927865507,0.0
W38660,0.0,0.9999965795578265
W38662,0.8409485160618806,0.159051483938115
W38663,0.8174409504598485,0.18255904954014837
W38664,0.0,0.999999031696866
W38666,0.0,0.9999959915529384
W38668,0.0,0.9999833865470329
W38669,0.0,0.9999904487306861
W38670,0.8284591299320008,0.17154087006799568
W38672,0.0,0.9999988503188293
W38673,0.9999973835831255,0.0
W38674,0.0,0.9999486246957543
W38675,0.8771955740108703,0.12280442598912557
W38676,0.9999422842870507,0.0
W38677,0.9999957741247225,0.0
W38678,0.999924041500788,0.0
W38679,0.0,0.9999970382027399
W38680,0.0,0.999948297469275
W38681,0.9999928337500896,0.0
W38682,0.5314245012168313,0.46857549878316646
W38683,0.9999582435977655,0.0
W38684,0.0,0.9999840341626345
W38685,0.0,0.9956903560276371
W38686,0.0,0.997852432291713
W38687,0.0,0.9999978418491886
W38688,0.0,0.999997687294468
W38689,0.9999964954372507,0.0
W38690,0.44663681319238147,0.5533631868076162
W38691,0.0,0.999998094672776
W38692,0.9999357872027925,0.0
W38693,0.9999981136730796,0.0
W38694,0.011459814963736732,0.9885401850362607
W38695,0.5372353144955098,0.462764685504488
W38697,0.0,0.9964295948769062
W38698,0.08785011023570562,0.9121498897642926
W38699,0.8068140462577335,0.19318595374226397
W38700,0.0,0.9999958430174407
W38701,0.999936275599417,0.0
W38702,0.9999856456999394,0.0
W38703,0.999922517644136,0.0
W38704,0.0,0.999999223346798
W38705,0.012946921966254294,0.987053078033743
W38707,0.7143539479016259,0.28564605209837163
W38709,0.999925926770459,0.0
W38710,0.0,0.9999971399916778
W38711,0.9025491923312484,0.09745080766874703
W38712,0.0,0.9979706623225961
W38713,0.999962224927311,0.0
W38714,0.9998759105026803,0.0
W38715,0.0,0.9983205795919796
W38716,0.9999967572825066,0.0
W38717,0.0,0.999998325351251
W38718,0.9192425876094962,0.08075741239049972
W38719,0.9999670237173037,0.0
W38720,0.0,0.9999984521995735
W38721,0.9999494377944463,0.0
W38722,0.9999353836839124,0.0
W38723,0.9999245184955455,0.0
W38724,0.9999397246650806,0.0
W38726,0.8408398045100196,0.159160195489977
W38727,0.0,0.9999959140376405
W38728,0.999990768534698,0.0
W38729,0.5710709914862422,0.42892900851375515
W38730,0.9999253934770724,0.0
W38732,0.053350028130680065,0.9466499718693175
W38733,0.021126799210634324,0.978873200789363
W38734,0.9999162116567806,0.0
W38735,0.0,0.9999607960637381
W38736,0.0,0.9999992689415613
W38737,0.0,0.9999955908276255
W38738,0.0,0.999990465128805
W38739,0.999815696393122,0.0
W38740,0.0,0.9999958935762012
W38741,0.3431425184378811,0.6568574815621163
W38742,0.9557169835101487,0.04428301648984842
W38744,0.8980248149562772,0.1019751850437188
W38745,0.9999154368163452,0.0
W38747,0.798374908633768,0.2016250913662292
W38748,0.99995102330325,0.0
W38750,0.9995546839958546,0.0
W38751,0.9990875613839572,0.0
W38752,0.999980420871213,0.0
W38753,0.9999963418151937,0.0
W38754,0.0,0.9998919263503063
W38755,0.9999935730285072,0.0
W38756,0.0,0.9999947407898784
W38757,0.9999442748254119,0.0
W38759,0.9999462472281844,0.0
W38761,0.997563433795496,0.0
W38765,0.9999317171561275,0.0
W38767,0.0,0.9999972506178441
W38768,0.0,0.9999991547155427
W38769,0.9999935269846737,0.0
W38770,0.0,0.9999378582850891
W38771,0.0,0.9999973902230818
W38772,0.9999375806874895,0.0
W38773,0.0,0.9999740783406768
W38774,0.0,0.9999874029115114
W38775,0.5298287861503062,0.4701712138496911
W38776,0.8100743135392836,0.18992568646071337
W38777,0.0,0.999998312767804
W38778,0.7253534592834885,0.2746465407165093
W38779,0.5359366003480521,0.4640633996519452
W38781,0.0987859745660838,0.9012140254339145
W38782,0.9999797866371041,0.0
W38783,0.0,0.9999848506757606
W38784,0.0,0.9999896683853591
W38785,0.9999970034513823,0.0
W38786,0.9996271296804737,0.0
W38788,0.831004186593467,0.16899581340652933
W38789,0.9999836834859552,0.0
W38790,0.9999963574995316,0.0
W38791,0.040250310281986224,0.9597496897180118
W38793,0.9999750625658878,0.0
W38794,0.926830742214191,0.07316925778580546
W38795,0.33386922569903604,0.6661307743009623
W38796,0.0,0.999996933965677
W38797,0.9999835098211267,0.0
W38798,0.0,0.9999910054962439
W38799,0.9898705966266511,0.010129403373346673
W38800,0.0,0.9999992138598535
W38801,0.8088492091111724,0.19115079088882397
W38802,0.8805121538241647,0.1194878461758321
W38803,0.9999867483059449,0.0
W38804,0.0,0.999998775735998
W38805,0.9219114739222595,0.07808852607773659
W38806,0.0,0.9999559773689285
W38807,0.9999979869469043,0.0
W38808,0.9999979911245436,0.0
W38809,0.8322166554429336,0.16778334455706234
W38810,0.0,0.9999992069941291
W38811,0.9950580739127737,0.0
W38812,0.9999932419885753,0.0
W38813,0.9999973716759574,0.0
W38814,0.0,0.9999956362665972
W38815,0.0,0.9999841154075488
W38816,0.9999858601102898,0.0
W38818,0.0,0.9999984741860695
W38819,0.9999984376155885,0.0
W38820,0.03498418288505154,0.9650158171149463
W38821,0.0,0.9996268064513254
W38822,0.9994589790690133,0.0
W38823,0.9999438636426505,0.0
W38825,0.9999804097723861,0.0
W38826,0.8256338450860604,0.174366154913936
W38827,0.0,0.9999986246398138
W38828,0.9999233364348759,0.0
W38829,0.9999737819553898,0.0
W38830,0.8319002004812784,0.16809979951871848
W38831,0.7808478879241583,0.21915211207583807
W38832,0.9999982108247447,0.0
W38833,0.9999515100444669,0.0
W38834,0.9992386786575373,0.0
W38836,0.17189059514268312,0.828109404857315
W38837,0.0,0.9999257435151063
W38838,0.9999859817075785,0.0
W38839,0.45615280372883704,0.5438471962711605
W38840,0.9999907949219148,0.0
W38841,0.9999982980062894,0.0
W38843,0.0,0.9993189448442222
W38845,0.9374018466289389,0.06259815337105815
W38846,0.0,0.9999982116166447
W38847,0.9999840012614741,0.0
W38848,0.5194427763239013,0.48055722367609655
W38849,0.0,0.9999990321419887
W38850,0.9998367401623154,0.0
W38851,0.9952220842002286,0.0
W38852,0.9999968457582428,0.0
W38853,0.9999976255034911,0.0
W38854,0.43592922828494934,0.5640707717150486
W38855,0.9999428637157388,0.0
W38858,0.999997704271895,0.0
W38859,0.39582756443593387,0.6041724355640647
W38860,0.0,0.9999983830089622
W38861,0.9999980307462601,0.0
W38862,0.0,0.9999990924510764
W38863,0.9951804847118397,0.0
W38864,0.10447440530316233,0.8955255946968361
W38865,0.9998744740706882,0.0
W38866,0.9890033164302716,0.01099668356972533
W38867,0.8527120858718286,0.14728791412816783
W38868,0.9986122122098458,0.0
W38869,0.9999492200129625,0.0
W38870,0.0,0.9999983962827032
W38871,0.19824248475458123,0.801757515245417
W38872,0.9994084268458837,0.0
W38873,0.5122067423503692,0.48779325764962866
W38874,0.46934167502036167,0.5306583249796362
W38875,0.9998497720999245,0.0
W38876,0.0,0.9999989937231362
W38877,0.0,0.9999988908639411
W38878,0.5280483169119123,0.47195168308808555
W38879,0.0,0.9999943528518941
W38880,0.999948362973959,0.0
W38881,0.999966656431031,0.0
W38882,0.9999549297937926,0.0
W38883,0.0,0.9999992671852386
W38884,0.9999691362337597,0.0
W38886,0.0,0.9999974169319705
W38887,0.0,0.9999990090735578
W38889,0.0,0.9999992723073001
W38890,0.9999518611301158,0.0
W38891,0.4759733992226344,0.5240266007773635
W38892,0.0,0.9999990132929343
W38893,0.9999951419045456,0.0
W38894,0.0,0.9999989015225663
W38895,0.9988817510448419,0.0
W38896,0.6196361473080322,0.3803638526919653
W38897,0.9989188775484292,0.0
W38900,0.8277226387552667,0.17227736124473025
W38901,0.9518829326639479,0.0481170673360492
W38902,0.9997833964510763,0.0
W38903,0.999666551202994,0.0
W38904,0.9999178166026239,0.0
W38905,0.0,0.9999990750085662
W38906,0.23914214276651796,0.7608578572334802
W38907,0.9999972720148378,0.0
W38908,0.9947530909670259,0.0
W38909,0.9999952615184834,0.0
W38910,0.5261304357205017,0.47386956427949606
W38911,0.9997928517265167,0.0
W38912,0.99995553994488,0.0
W38913,0.9999929319923972,0.0
W38914,0.999997017179892,0.0
W38915,0.0,0.9999984557967162
W38916,0.5311529830999866,0.46884701690001124
W38917,0.9999432426683097,0.0
W38918,0.9999003189919657,0.0
W38919,0.0,0.9999969558606658
W38920,0.0,0.9999993835947039
W38921,0.9999666438489194,0.0
W38922,0.9999974895245372,0.0
W38923,0.9976382800391116,0.0
W38924,0.999972953893526,0.0
W38925,0.0,0.9999979044346252
W38926,0.8586215307032906,0.14137846929670514
W38927,0.9999963817055274,0.0
W38928,0.9996691568251292,0.0
W38929,0.9989556232011543,0.0
W38930,0.9338801227444593,0.06611987725553828
W38931,0.7769204943820917,0.2230795056179062
W38932,0.0,0.9977462644678297
W38933,0.0,0.9999979434773609
W38934,0.5263388175696884,0.4736611824303093
W38935,0.9999478765353772,0.0
W38937,0.015251816234472169,0.9847481837655254
W38938,0.4293050157380045,0.5706949842619936
W38939,0.9151519386796367,0.08484806132035971
W38940,0.5116322702544905,0.4883677297455072
W38941,0.9994682458309991,0.0
W38942,0.0,0.9999961176827232
W38943,0.0,0.9999976551770913
W38944,0.6183425401628532,0.38165745983714416
W38945,0.4698423181079532,0.5301576818920446
W38947,0.8479607471309205,0.15203925286907594
W38948,0.0,0.999995866004709
W38949,0.9999469804544083,0.0
W38950,0.9999983299473162,0.0
W38951,0.9999583364198642,0.0
W38952,0.9976520033139682,0.0
W38953,0.9341557494726852,0.06584425052731187
W38954,0.9999746781912142,0.0
W38955,0.5312694937074496,0.4687305062925481
W38956,0.9999972290800587,0.0
W38957,0.994669476370013,0.0
W38958,0.9999950608702574,0.0
W38959,0.9999983061954281,0.0
W38960,0.9999571581347184,0.0
W38961,0.0,0.9998291105434136
W38962,0.9999430625895995,0.0
W38963,0.8003438172454684,0.1996561827545284
W38964,0.5301783145210999,0.46982168547889747
W38965,0.9999951627514546,0.0
W38966,0.0,0.9983782184438531
W38967,0.0,0.9999990578532554
W38968,0.6955436463449552,0.3044563536550421
W38969,0.5282628922288684,0.47173710777112887
W38970,0.0,0.9999031920633772
W38971,0.7666934493243691,0.2333065506756286
W38972,0.9999530559532581,0.0
W38973,0.5307163047252981,0.46928369527469993
W38974,0.0,0.9999879173315398
W38975,0.8723162436441638,0.12768375635583296
W38976,0.0,0.9999987035295315
W38977,0.0,0.9999988619455065
W38978,0.0,0.9999931476809727
W38979,0.9999366425051988,0.0
W38980,0.9999976484617472,0.0
W38981,0.9998283979167728,0.0
W38982,0.0,0.9999991131386825
W38983,0.0,0.9999980637636993
W38985,0.072288300822392,0.9277116991776067
W38987,0.9994124489256009,0.0
W38989,0.0,0.9999958674274598
W38990,0.5059772365715622,0.494022763428436
W38991,0.8135067324386356,0.18649326756136136
W38992,0.1911182299081044,0.8088817700918932
W38993,0.9999976581670046,0.0
W38994,0.0,0.9999985654379127
W38996,0.0,0.9999774606086022
W38997,0.1674259612235652,0.8325740387764335
W38998,0.9288403256983204,0.07115967430167644
W38999,0.8207910475567011,0.17920895244329527
W39000,0.9999981300668966,0.0
W39001,0.9999458771931167,0.0
W39002,0.9224652531374402,0.07753474686255596
W39003,0.9999943465738002,0.0
W39004,0.9999980074711814,0.0
W39005,0.0,0.9999989886179356
W39006,0.9999375748112818,0.0
W39007,0.9999002594692876,0.0
W39008,0.6243257881752107,0.37567421182478733
W39009,0.0,0.9999988217875573
W39010,0.0,0.9999976413827786
W39011,0.8803287762897508,0.11967122371024563
W39012,0.9999963919021397,0.0
W39013,0.9999255396114103,0.0
W39015,0.012253668108617683,0.9877463318913798
W39017,0.9999547431732745,0.0
W39018,0.9452513138765968,0.05474868612340025
W39019,0.9999384604476826,0.0
W39020,0.9999252664434009,0.0
W39021,0.0,0.9999867671237399
W39022,0.5279355245074191,0.4720644754925784
W39023,0.9999978749757567,0.0
W39024,0.9999867971973939,0.0
W39025,0.9999787604254126,0.0
W39026,0.9998431208339059,0.0
W39027,0.9999209344972311,0.0
W39028,0.01631055425864849,0.9836894457413492
W39029,0.9999515720544905,0.0
W39030,0.7248632978833006,0.27513670211669744
W39031,0.0,0.999994874740779
W39032,0.471216753180133,0.5287832468198651
W39033,0.5298266799737437,0.4701733200262543
W39034,0.9987364046152429,0.0
W39035,0.9990798449378995,0.0
W39036,0.03130118974417304,0.9686988102558244
W39037,0.999989845785753,0.0
W39038,0.9999963489529754,0.0
W39039,0.5283713427618117,0.47162865723818587
W39040,0.0,0.999994267577967
W39041,0.8123339526250457,0.18766604737495113
W39042,0.5120314521660363,0.4879685478339614
W39043,0.9999136966773775,0.0
W39044,0.9992289762749822,0.0
W39045,0.0,0.999963823373088
W39047,0.9852943647841468,0.014705635215850898
W39048,0.7178498624226721,0.2821501375773255
W39050,0.9984590830791884,0.0
W39051,0.0,0.9999938615034738
W39053,0.9999961526645266,0.0
W39054,0.99997188570077,0.0
W39055,0.0,0.9995536139889973
W39056,0.9985024419669675,0.0
W39057,0.0,0.9974538245637969
W39058,0.0,0.9999986766375981
W39059,0.9998065011669756,0.0
W39060,0.9999980447611421,0.0
W39061,0.9999972932014902,0.0
W39062,0.17587604496404532,0.8241239550359531
W39064,0.9972715097829421,0.0
W39065,0.9999985283965743,0.0
W39066,0.9999806745759341,0.0
W39067,0.0,0.997317506703522
W39068,0.5416850151309709,0.4583149848690268
W39069,0.0,0.9999936976858412
W39070,0.5425355562285665,0.45746444377143086
W39071,0.0,0.9999847269763278
W39073,0.9999734768662198,0.0
W39074,0.9999183971498924,0.0
W39075,0.9999237428454258,0.0
W39076,0.0,0.9999986099099993
W39077,0.0,0.9999991993128367
W39078,0.9999927226027521,0.0
W39079,0.5335796250206306,0.46642037497936717
W39081,0.5436018676001009,0.4563981323998971
W39082,0.5620099905829397,0.43799000941705724
W39083,0.9409455559094375,0.059054444090559544
W39084,0.9998376864580668,0.0
W39085,0.0,0.9998827999607234
W39087,0.5243070593732307,0.47569294062676676
W39088,0.9999981873012986,0.0
W39089,0.999962283645429,0.0
W39090,0.9999909545203216,0.0
W39091,0.7294396290057612,0.2705603709942361
W39092,0.9989652377269007,0.0
W39093,0.5348585915010848,0.46514140849891294
W39094,0.9999948250409181,0.0
W39095,0.8716695975530444,0.1283304024469522
W39096,0.9958667661009216,0.0
W39097,0.0,0.9993841840974336
W39098,0.797777044901891,0.20222295509810645
W39099,0.0,0.9999979993539718
W39100,0.9999035729717324,0.0
W39101,0.9999981858529583,0.0
W39103,0.999953727338792,0.0
W39104,0.0,0.9998906859331832
W39105,0.4991374169484101,0.5008625830515875
W39106,0.9977399854350351,0.0
W39107,0.5190134903500715,0.48098650964992595
W39109,0.9997032915361257,0.0
W39110,0.5256508503361386,0.474349149663859
W39111,0.9277949373091244,0.07220506269087185
W39112,0.0,0.999999192901792
W39113,0.9998774739106555,0.0
W39114,0.9999359801342018,0.0
W39115,0.9999976794723404,0.0
W39116,0.9997693994756233,0.0
W39117,0.9999955238051685,0.0
W39118,0.999895164286563,0.0
W39119,0.0,0.9998553537992086
W39120,0.0,0.9999990793530651
W39121,0.7384900302902742,0.2615099697097233
W39122,0.9999974428128565,0.0
W39123,0.8020795807149399,0.19792041928505694
W39125,0.9994748692956843,0.0
W39126,0.9891428605289059,0.010857139471091393
W39127,0.0,0.9998889506235809
W39128,0.9999799426373484,0.0
W39129,0.9999744789369949,0.0
W39130,0.8978021255697237,0.10219787443027212
W39131,0.9999288238236531,0.0
W39134,0.9998498310293458,0.0
W39135,0.9999372496539178,0.0
W39137,0.9999897581278092,0.0
W39138,0.9999967306884071,0.0
W39139,0.9952191522095915,0.0
W39140,0.9999978219553654,0.0
W39141,0.999997798978697,0.0
W39142,0.07819254116987875,0.9218074588301198
W39143,0.0,0.9999982183089917
W39144,0.9999882784339066,0.0
W39145,0.06903769754145753,0.9309623024585411
W39146,0.5353059407010459,0.4646940592989517
W39148,0.32626673671859596,0.6737332632814031
W39149,0.9999490715346283,0.0
W39150,0.0,0.9999988142330659
W39152,0.5288867694461576,0.47111323055384013
W39153,0.992803748370991,0.0
W39154,0.0,0.9999974621915801
W39155,0.9999553035341482,0.0
W39156,0.9999273360059222,0.0
W39157,0.8377181063610661,0.16228189363893047
W39158,0.9999593620402001,0.0
W39159,0.719911443601497,0.28008855639850055
W39160,0.9927033199008715,0.0
W39161,0.9929578681305025,0.0
W39162,0.9999831268918142,0.0
W39163,0.9999977908831111,0.0
W39164,0.0,0.9999959888784996
W39165,0.9999873008753852,0.0
W39166,0.5356336148533563,0.4643663851466413
W39167,0.9999966279033883,0.0
W39168,0.0,0.9999990145186584
