cell_id,pseudotime
W31105,0.006383465312761421
W31106,0.8786350401570769
W31107,0.9793026434634599
W31108,0.9326377760287633
W31109,0.9893715126755728
W31110,0.7943346832597966
W31111,0.7390812797598418
W31113,0.15742460102224137
W31114,0.7154847136392091
W31115,0.9412186925848374
W31116,0.899782416366856
W31117,0.4239070514429421
W31118,0.8635006228663942
W31119,0.5723776813316009
W31120,0.9302346570320308
W31121,0.012761198339450453
W31122,0.9412645212392181
W31123,0.9414261222002528
W31124,0.9780841223464307
W31125,0.36105412997059244
W31126,0.7348771920582438
W31127,0.6763155721599121
W31128,0.3175489971647544
W31129,0.263960127046304
W31130,0.753396751633051
W31131,0.9041952865070422
W31132,0.923398984228571
W31133,0.5782721561131269
W31134,0.23462174788840823
W31136,0.9628266062249015
W31137,0.9482843469705182
W31138,0.9215900898347437
W31139,0.5720425316934532
W31140,0.8878296004192323
W31141,0.7400822992882351
W31142,0.9597837387180415
W31143,0.9839756220538445
W31144,0.874179853025371
W31145,0.8504335906636418
W31146,0.757193213414705
W31147,0.9586332466240363
W31148,0.885457850310039
W31150,0.5222910867739352
W31151,0.9858796571340008
W31152,0.8766874107877713
W31153,0.8102999688123032
W31154,0.9159976195112709
W31155,0.10816969437793242
W31156,0.9504358480072324
W31157,0.4895401989727041
W31158,0.9103559712803517
W31159,0.7188911280953392
W31161,0.8917574548807762
W31162,0.910173210547897
W31163,0.8658624288744471
W31164,0.8746804317429375
W31165,0.9677884271545304
W31166,0.8399242984846332
W31167,0.9772460310579069
W31168,0.8974493611744879
W31169,0.8318850518967608
W31170,0.8990611721533938
W31171,0.013833315978852496
W31172,0.7165408238091774
W31173,0.04831439449678197
W31174,0.5553474229669545
W31175,0.5117892971479737
W31176,0.48022075957293026
W31177,0.7027254446342783
W31178,0.7533015511284383
W31179,0.8371138124795742
W31180,0.9307200428160174
W31181,0.9329481877006498
W31182,0.9404950357322623
W31183,0.9421789077071314
W31184,0.9379084960609155
W31185,0.8689730421948868
W31186,0.7963780944976003
W31187,0.632389874033793
W31188,0.49706914208454295
W31189,0.8663539356032137
W31190,0.8348214308249908
W31191,0.016166937836597683
W31192,0.07474220949374207
W31193,0.9195822618467017
W31194,0.6256748491996466
W31195,0.971885747914095
W31196,0.43319221703280203
W31197,0.5369354324618907
W31198,0.9531493593315369
W31199,0.09789102230389152
W31200,0.5501420112345957
W31201,0.09112968688646966
W31202,0.824522344652555
W31203,0.8373606108207415
W31204,0.5163260896407833
W31205,0.7735007173616024
W31206,0.980640357471351
W31207,0.8814497785004691
W31209,0.9837722573333736
W31210,0.8599015369029147
W31211,0.8828663111436642
W31212,0.8865710358725362
W31213,0.3734119218348468
W31214,0.9343553385947339
W31215,0.48636337454999196
W31217,0.9595253468254552
W31218,0.841333996030772
W31219,0.5702649758997177
W31220,0.9473734836208895
W31221,0.001892370407080952
W31222,0.9283346860748637
W31223,0.5189152715622257
W31224,0.09478569631972028
W31225,0.871797237403438
W31226,0.9055900688851305
W31228,0.3070329128149632
W31229,0.6653116629385141
W31230,0.5142264143603413
W31231,0.8359124474558138
W31232,0.9308736482277133
W31233,0.7783718300601544
W31234,0.9091635011181682
W31236,0.8146472696444186
W31237,0.8320917491380627
W31238,0.8228682554075294
W31239,0.8609631321917531
W31240,0.8599299214555465
W31241,0.908500913239191
W31242,0.8622122198786987
W31243,0.9541598365707651
W31244,0.48508786758447914
W31245,0.8794251700642834
W31246,0.907771718545565
W31247,0.9665046828494133
W31248,0.9498377653903394
W31249,0.8335390348880022
W31250,0.7464149713898277
W31251,0.9334013702980729
W31252,0.8378805166825716
W31253,0.632822777758534
W31254,0.8950640464649507
W31255,0.9561815385929038
W31256,0.7940709597746258
W31257,0.054533152148502136
W31259,0.7707450710917377
W31260,0.41831932685495615
W31262,0.5639677724553169
W31263,0.6006881924555453
W31264,0.765805457931938
W31265,0.8139986431176561
W31266,0.9176692797999142
W31267,0.29964267058719934
W31268,0.03761977462603228
W31269,0.4986915292806292
W31270,0.9218599414277235
W31271,0.7951673570462209
W31272,0.8119148292252719
W31273,0.8060875478699632
W31274,0.6521219397641306
W31275,0.9076672671294618
W31276,0.06918779836773979
W31277,0.08316731313363919
W31278,0.8398247570226542
W31279,0.11177400456933746
W31280,0.9088714062416511
W31281,0.8548389057486748
W31282,0.5479540463608469
W31283,0.8562986599123872
W31284,0.784326560699322
W31285,0.6694211041744349
W31286,0.7003496140436097
W31287,0.16587835537942044
W31288,0.11856867879671401
W31289,0.6997008917940636
W31290,0.8290984352045471
W31291,0.9644180008306138
W31292,0.7292436905874209
W31293,0.8855916493260722
W31294,0.8873547188409951
W31295,0.8443488938577297
W31296,0.875730051436704
W31297,0.05371770726845274
W31298,0.9925763411074041
W31299,0.8238284813770507
W31300,0.02281204247170524
W31301,0.7974568458760737
W31302,0.992809472446832
W31303,0.6184251202621561
W31305,0.49175970434904154
W31306,0.9217787227202222
W31307,0.8732368226494762
W31309,0.8391589437587615
W31310,0.9790339284661201
W31311,0.7093109755381541
W31312,0.421337618757851
W31313,0.032768402609488975
W31314,0.22383148751778903
W31315,0.6427109520365113
W31316,0.9363485855474699
W31317,0.992805356648929
W31318,0.9576210409229894
W31319,0.8820183717420504
W31321,0.7116268829279536
W31322,0.8923107168142689
W31323,0.8890559412492518
W31324,0.2032738102155816
W31325,0.8953949138235331
W31326,0.946773514590696
W31327,0.8730400045147244
W31328,0.908199614376277
W31329,0.8933841977664564
W31330,0.867465674921587
W31331,0.08660253802998517
W31332,0.7835807654176371
W31333,0.8926813522110513
W31334,0.8984592058181802
W31335,0.6604987835503207
W31336,0.9100760643363842
W31337,0.9583661026494958
W31338,0.8927109858406758
W31339,0.8666285271872581
W31340,0.8081336277367162
W31341,0.8779706442028447
W31342,0.9321730134196257
W31343,0.9017436013661009
W31345,0.8681676472555349
W31346,0.9102668345104943
W31347,0.7966432457405708
W31348,0.9174530604768757
W31349,0.3931031780125142
W31350,0.9599400488705435
W31351,0.8781085549825938
W31353,0.9658447867928522
W31354,0.23494725299245187
W31355,0.8862141431263207
W31356,0.8205251327331289
W31357,0.9525136588487244
W31358,0.4147891346952845
W31359,0.8305432876710164
W31360,0.8981028059611895
W31361,0.8295423865347548
W31362,0.8804648517711889
W31363,0.9039327893336472
W31364,0.14138412516447757
W31365,0.7969132642977718
W31366,0.7980436354110128
W31367,0.8881999370562067
W31368,0.9636542653825247
W31369,0.8303627392948538
W31370,0.9647628802748651
W31371,0.8329983161072948
W31372,0.9773177715922484
W31373,0.7678275369979
W31374,0.954035564102297
W31375,0.9193512356516164
W31376,0.6337386771840374
W31377,0.10643433652771561
W31378,0.9277949161261976
W31379,0.4804261718076168
W31380,0.799306888481546
W31381,0.7995785927522269
W31382,0.8994196556389547
W31383,0.43903863463755166
W31386,0.9124529330740089
W31387,0.946242885693156
W31388,0.34709436276172856
W31389,0.8469801066264077
W31390,0.7593612797407129
W31391,0.9539546472945991
W31392,0.6605550354364316
W31393,0.6908407751012408
W31394,0.8979865148045045
W31395,0.8581034179122128
W31396,0.9061224839526495
W31397,0.1086926377805013
W31398,0.8380468615618867
W31399,0.7372713727987212
W31401,0.961105123942428
W31402,0.7686754141098723
W31403,0.77118755542378
W31405,0.5097844024154018
W31406,0.7562642638964129
W31407,0.15921752696131564
W31409,0.7757937429730866
W31410,0.7104697663046363
W31411,0.853902249988438
W31413,0.8993760487106294
W31414,0.8704125061620556
W31415,0.6538141755025545
W31416,0.8580297798728176
W31418,0.9070498585887508
W31419,0.7009560750892362
W31420,0.9604154414016167
W31421,0.9485780609475284
W31422,0.8733174106479329
W31423,0.9455376376636069
W31424,0.8310284186410202
W31425,0.8713216747614426
W31426,0.837896030089806
W31427,0.887513777953721
W31428,0.8027849630845663
W31429,0.9438542598266143
W31430,0.0
W31431,0.8649238561641507
W31432,0.8100577021850414
W31433,0.16462454348531755
W31434,0.8452748819078721
W31436,0.8325945772836385
W31437,0.17580729630743275
W31439,0.3860233095086811
W31440,0.992763893933558
W31441,0.8236475345918502
W31442,0.8423746221778523
W31443,0.06351963921745735
W31444,0.8370843053179796
W31446,0.9008760881282879
W31447,0.7576095759180166
W31448,0.8651020759338002
W31451,0.5329224866770647
W31452,0.9513016067585551
W31453,0.27977859510897257
W31454,0.7416386817234435
W31455,0.9197933938985347
W31456,0.8223847216782023
W31457,0.1488601193402048
W31458,0.06562178647806552
W31459,0.17085518553753817
W31460,0.8148746257159646
W31461,0.8479019084564238
W31462,0.7329520304736148
W31463,0.9223793399989261
W31464,0.8268989163949125
W31465,0.7002315929459042
W31466,0.8846794336889261
W31467,0.9271239190167961
W31468,0.7074846036921756
W31469,0.9259622601834256
W31470,0.9304098603594557
W31471,0.8685985384466062
W31472,0.8425629552835205
W31473,0.8389683455691161
W31474,0.9227544167064871
W31475,0.8384509037274328
W31476,0.25534628751800786
W31477,0.44817332333552895
W31478,0.7700020751168913
W31479,0.7813676592937572
W31480,0.030140941673663484
W31481,0.8898528429703644
W31483,0.7793964795588796
W31484,0.8517008266842825
W31485,0.8672458521347175
W31486,0.7946811123343537
W31487,0.8157158752457566
W31489,0.8912042962972986
W31491,0.622961379706382
W31492,0.9245933653162839
W31493,0.1856770619802805
W31494,0.8272108391525944
W31495,0.5815232934526998
W31497,0.021668719135077022
W31498,0.5925773648562013
W31499,0.7142569794658635
W31500,0.9573187053762943
W31501,0.8796890962157161
W31502,0.2686448026067262
W31503,0.8422765027102385
W31504,0.8968700231542958
W31505,0.013338125781662142
W31506,0.10416014891449564
W31507,0.39004622595793736
W31508,0.7565738099509376
W31509,0.8283985700344816
W31510,0.8578018510048664
W31511,0.5762799883074808
W31512,0.39481851688783104
W31513,0.9715764503485957
W31514,0.013405027959825483
W31515,0.7410608455921981
W31516,0.962939575628188
W31517,0.7228944911309458
W31518,0.8233589602639543
W31519,0.27346089958928077
W31520,0.6443368019419542
W31521,0.9434198819871509
W31522,0.8274151140359773
W31523,0.9369233772184671
W31524,0.6786741437448857
W31525,0.9413331008949309
W31526,0.014474503951771585
W31527,0.23053210663299148
W31528,0.7545283216617652
W31529,0.8457737929707367
W31530,0.7405093723195106
W31532,0.8646688158643545
W31533,0.22258679137135715
W31534,0.2521304628426422
W31535,0.37429918300160225
W31536,0.9370694271431262
W31537,0.5580085267657409
W31538,0.8275963351054253
W31539,0.39219640028917846
W31540,0.8187802691139693
W31541,0.8644629796586627
W31542,0.7980057141160358
W31543,0.6466218488256009
W31544,0.8447276983658781
W31545,0.4748963888238508
W31546,0.9235479538219948
W31548,0.47828934622264035
W31549,0.8126132321527614
W31550,0.9149903017170514
W31551,0.8964707818758588
W31552,0.7952632123589848
W31553,0.0070092160360022806
W31554,0.7938977779321278
W31555,0.425159305239145
W31556,0.7284350277092106
W31558,0.742163998706849
W31559,0.8355706253856906
W31560,0.06619199380469469
W31562,0.15823325649626335
W31563,0.7905981765694369
W31564,0.669564107710096
W31565,0.8970458475522147
W31566,0.7881061247494479
W31567,0.8304332246812378
W31568,0.811941291118519
W31569,0.019191898266022186
W31570,0.051777990961613805
W31571,0.8876109034177606
W31572,0.5423026889971125
W31573,0.5385082713439019
W31575,0.3697241461897278
W31576,0.7141319439069481
W31577,0.9217354511315561
W31578,0.9630661820635176
W31580,0.770273068978236
W31581,0.7090065804184584
W31583,0.30335542722197667
W31586,0.957741662179921
W31587,0.021746770105548045
W31588,0.951851986249157
W31590,0.8789517191515492
W31591,0.8529376078097202
W31593,0.9806138364493752
W31594,0.8880290620704792
W31595,0.8644679580830579
W31596,0.925179640961682
W31597,0.8496046539556
W31598,0.9576048744047897
W31599,0.9033138549948432
W31600,0.12928960047364915
W31601,0.8511976107718624
W31602,0.6861393691011872
W31603,0.88488032575064
W31604,0.09465163082335246
W31605,0.7784898798552774
W31606,0.9024839450419745
W31607,0.4336292869859006
W31608,0.8433462241332087
W31609,0.950305553421939
W31611,0.7763499427297786
W31613,0.23171951471854765
W31614,0.025425712529103313
W31615,0.392459918552524
W31617,0.9162886754565283
W31618,0.933564789787718
W31620,0.4170584765247742
W31621,0.2977123254851138
W31622,0.8465841152336064
W31623,0.8366874914630267
W31624,0.8668131121469312
W31625,0.93461423707402
W31626,0.6244702255632627
W31628,0.9381195051517942
W31629,0.738595831689842
W31630,0.8667021171287285
W31631,0.8186538062858206
W31632,0.9551131657648382
W31634,0.9437953962856193
W31635,0.9097839222765672
W31636,0.8940118012739453
W31638,0.7622167123683621
W31639,0.7052299467595945
W31640,0.656920127651367
W31641,0.6227067794237321
W31642,0.2650791528730838
W31644,0.8457267210452961
W31645,0.03002327897613272
W31646,0.7576122886971323
W31648,0.9140548155814123
W31649,0.9823428611269193
W31650,0.8121347333317034
W31651,0.05182086695168629
W31652,0.2970226567725748
W31653,0.9207884187847218
W31654,0.8087120784292571
W31655,0.8711626981439196
W31656,0.8382255878953319
W31657,0.563130107736745
W31658,0.0654455933889021
W31659,0.02204654376184026
W31660,0.7861271118833962
W31661,0.023463109172026972
W31662,0.8236512728965378
W31663,0.9328395944835225
W31664,0.8338952678014555
W31665,0.8067800646860185
W31666,0.9324648214097043
W31667,0.7540914011149594
W31668,0.7220172552414365
W31669,0.0063889621176680695
W31670,0.7417328823655451
W31674,0.6020660123643338
W31676,0.9576250160928895
W31678,0.8758125904871891
W31681,0.39842640672021035
W31682,0.4341048364492549
W31683,0.9445320317301172
W31684,0.322576412242085
W31685,0.05103247271837829
W31686,0.9125853283720351
W31687,0.8629031876313998
W31689,0.9560855400650926
W31690,0.9289365736883617
W31691,0.9288091133917984
W31692,0.29352379971855963
W31693,0.2854636002848853
W31695,0.8374369825323434
W31696,0.8103230884799094
W31697,0.4170710061021825
W31698,0.8614901400340105
W31699,0.8849502544372981
W31700,0.9782575748387065
W31701,0.9217987504474474
W31702,0.8760288028481868
W31703,0.9298488395910802
W31704,0.3091845213611401
W31705,0.8417818759799263
W31706,0.522816701931873
W31707,0.81587904318071
W31708,0.8650878322945957
W31711,0.8439495024478014
W31712,0.5708041105057604
W31713,0.8647719735193851
W31714,0.7439566629109711
W31715,0.41498631662269864
W31716,0.7851357722535105
W31717,0.9449485219167536
W31718,0.8805833449981371
W31719,0.7495824071637637
W31720,0.02356558661169611
W31721,0.92616090741247
W31722,0.5949957537900683
W31723,0.109280049869339
W31724,0.29964478042159737
W31725,0.01568572997945497
W31726,0.8380123873071957
W31727,0.7864668311716984
W31728,0.9106500550518454
W31729,0.9227258358937752
W31730,0.8624554613670831
W31731,0.026871631528837446
W31732,0.31788016392395146
W31733,0.8184125696537026
W31734,0.5482871368207044
W31735,0.8637419009045191
W31736,0.6377229026774467
W31737,0.7240342132751065
W31738,0.3764717744066612
W31739,0.880541534983433
W31740,0.9353943537601803
W31741,0.5784628455465639
W31742,0.9448266468683357
W31743,0.8704270465294345
W31744,0.356891362795966
W31745,0.5497179205829947
W31746,0.10079617744927395
W31748,0.923600463454855
W31749,0.5518238364426886
W31750,0.8417029807322158
W31751,0.9317151216501672
W31752,0.1318344837744084
W31755,0.24732660546799703
W31756,0.5025201360708771
W31758,0.8047067942326982
W31760,0.8336578911192356
W31761,0.6497910459961943
W31762,0.7999701653397483
W31764,0.8515003026753952
W31765,0.832142722390724
W31767,0.7551767632286207
W31768,0.9620034557310064
W31771,0.2537175854861731
W31773,0.383609038043643
W31775,0.9626826891241865
W31777,0.9354549929653763
W31778,0.08375588303848702
W31779,0.24312328223422114
W31780,0.9348041272073165
W31781,0.9655898938526828
W31782,0.8118052467360294
W31783,0.6809842527218503
W31785,0.9374361189467673
W31786,0.9478592767969245
W31787,0.5880191413920632
W31788,0.46956625753705905
W31789,0.7580856602764869
W31791,0.3092799417791862
W31792,0.4378287354354938
W31793,0.3983471941917008
W31794,0.24088482998444577
W31795,0.12203590171349027
W31796,0.04781030043466308
W31797,0.5736595307601676
W31798,0.8453558867766524
W31799,0.7648208703165172
W31801,0.8263759218086985
W31802,0.7503075015995034
W31803,0.888395319524758
W31804,0.6200627761361226
W31805,0.03446883587839802
W31806,0.8041617406846266
W31807,0.5059874474087329
W31808,0.8930350766223539
W31809,0.5165927029501483
W31811,0.23152544598789654
W31812,0.7758320868615239
W31813,0.7924412206806611
W31814,0.8599001649325289
W31816,0.7515807985063364
W31817,0.8021339276297123
W31818,0.9299010627717963
W31819,0.9252915232119214
W31820,0.9155131321162031
W31821,0.781753912014658
W31822,0.3292984488232717
W31823,0.9223543258811798
W31824,0.8487606820367961
W31825,0.7446328251704527
W31826,0.9245660998940717
W31827,0.7016827601055334
W31828,0.8402956081017006
W31829,0.12638314499256043
W31830,0.30620591523681673
W31831,0.9346107047360493
W31832,0.9717344518842219
W31834,0.9028396601071762
W31835,0.6287086715682465
W31836,0.8212179853181609
W31837,0.5008533982912942
W31838,0.93051671197748
W31839,0.8829034610122757
W31840,0.9374851477417293
W31841,0.09816517670638783
W31842,0.5252982494207724
W31845,0.8113006559328356
W31846,0.6232728996419926
W31847,0.7490057858976966
W31849,0.9528022490538417
W31850,0.8524830487693977
W31851,0.9222371784496616
W31854,0.3610850362327784
W31855,0.824406024415818
W31856,0.7292451299700705
W31857,0.8051642613508458
W31858,0.9360658207812567
W31859,0.1590871315570112
W31860,0.5695973745758287
W31861,0.7772105635760117
W31864,0.8425415131219351
W31865,0.8386276315966665
W31866,0.7456945677137851
W31868,0.7557464515395104
W31870,0.6308713796271613
W31871,0.8733824575833937
W31872,0.8586165518279464
W36865,0.02419176430942814
W36866,0.810270060997509
W36867,0.04330352584279243
W36868,0.8567092702606611
W36869,0.9922003015120537
W36871,0.934120904344246
W36873,0.8847513397774805
W36874,0.7981200872961655
W36875,0.9584034627699141
W36876,0.8019555066624248
W36877,0.8238445571560858
W36878,0.9308442318973946
W36879,0.891865654254887
W36881,0.964078726845834
W36882,0.4076661225273819
W36883,0.9587580973052726
W36885,0.8985200228258781
W36886,0.4000574282540935
W36887,0.0343577605662047
W36889,0.9888693719881811
W36890,0.21210146084947776
W36891,0.8808246321012428
W36892,0.8916503487845481
W36893,0.34638020133342384
W36894,0.8001691573094397
W36895,0.7164572641040857
W36897,0.9657174993043747
W36898,0.9297448708422046
W36899,0.542055380667643
W36900,0.8382126541148671
W36901,0.9394762646063094
W36902,0.8759526205256276
W36903,0.8662439424076426
W36905,0.9719783766610535
W36906,0.9731143329110106
W36907,0.777251311728296
W36908,0.9156377600193973
W36909,0.07713219252155787
W36910,0.9531360402906713
W36911,0.9534011069797547
W36912,0.6597809498390725
W36913,0.9517612204821707
W36914,0.8477870348833106
W36915,0.32960256729056303
W36916,0.8138861269703772
W36917,0.8639437816748106
W36918,0.8841785031872172
W36919,0.831901408787384
W36920,0.8561343380989859
W36921,0.7853256925854729
W36922,0.6771933179587392
W36923,0.9692204729618762
W36924,0.8367974584724875
W36925,0.8858142836478655
W36926,0.7909378104166791
W36927,0.601781888695855
W36928,0.6688797769459663
W36929,0.029241344121506564
W36930,0.9125265398447538
W36931,0.31272227233011973
W36932,0.9266595162196103
W36933,0.9269191277858582
W36934,0.36209195088001117
W36935,0.34647688989544784
W36936,0.8593339581303011
W36939,0.8470795325370308
W36940,0.8849864840460325
W36941,0.8619497547566962
W36942,0.8274887107541428
W36943,0.9293960397294228
W36944,0.20990800950394653
W36945,0.06902542413088193
W36946,0.7893410858596951
W36947,0.8268122350378238
W36948,0.9396701647321205
W36949,0.9743392105495912
W36950,0.9757419599287356
W36951,0.8783917291876842
W36952,0.9121240664832537
W36953,0.7156086071247585
W36954,0.9704956407184601
W36955,0.7533694295604408
W36956,0.8155577581910767
W36957,0.864996855537182
W36958,0.9426989299957879
W36959,0.9527694660034158
W36960,0.8972195922654311
W36961,0.866191565524028
W36962,0.8803749840967372
W36963,0.8854573927761671
W36964,0.8780861550509798
W36966,0.8652013289548055
W36967,0.9928157861559563
W36969,0.2915412013469563
W36970,0.9110855542518862
W36971,0.8782989790082317
W36972,0.5739024453972622
W36973,0.5565210568346783
W36974,0.7146977092355445
W36975,0.9052604521523094
W36976,0.07694011456843487
W36978,0.9738527960561638
W36979,0.830770016151119
W36980,0.7450215119715542
W36981,0.2800368409221194
W36982,0.7833235088236212
W36983,0.6289156714429428
W36984,0.7613002121674259
W36985,0.8455942988311859
W36987,0.4910760931651781
W36990,0.8436588080891828
W36991,0.7157790760283599
W36992,0.9538009842616925
W36993,0.9480373320221903
W36994,0.9171344317684086
W36995,0.9248422040820188
W36996,0.6321594916055019
W36997,0.9557481624622064
W36998,0.5202126312917084
W36999,0.721817038949638
W37000,0.8033428925699972
W37001,0.625128413765196
W37003,0.05031937039493475
W37004,0.9275499847678933
W37005,0.7902472868885124
W37006,0.03302268423022274
W37008,0.9261122274972782
W37009,0.8237646217790511
W37010,0.018149014065884057
W37011,0.9140888123210338
W37012,0.38378067387251324
W37013,0.9322298762242629
W37014,0.9601418921690204
W37015,0.6817213389584467
W37016,0.7852207040750901
W37017,0.5113619224929687
W37018,0.9390951293956306
W37019,0.8726408079228184
W37020,0.9352591956180067
W37022,0.31049702969690507
W37023,0.9457115387274057
W37024,0.9491051469574201
W37025,0.7887978212969169
W37026,0.1506450246804674
W37027,0.5481567383127848
W37028,0.8425785990580072
W37029,0.016546103197374137
W37030,0.8776856958101615
W37031,0.9141263325530844
W37032,0.8462683419412598
W37034,0.2758681148527656
W37035,0.045817388678905314
W37036,0.8570021716699044
W37037,0.5972241036203485
W37039,0.9199461054583291
W37040,0.7733227657716716
W37041,0.9005628994297902
W37042,0.9374024763071906
W37043,0.9193684922227624
W37044,0.8655902721527685
W37045,0.8488018167347706
W37046,0.8697595108920035
W37047,0.8706301167913248
W37048,0.7883347086111422
W37049,0.7016560764082425
W37050,0.14679931722806822
W37051,0.8196646850456194
W37052,0.9463387676177004
W37053,0.027691204593298366
W37054,0.9508641328875503
W37055,0.8900532334076897
W37056,0.9365413080924684
W37057,0.86778043680529
W37058,0.8754934714654827
W37059,0.8552878235662805
W37060,0.9035092419972073
W37061,0.47394983141817426
W37063,0.560875097585807
W37065,0.975821035579024
W37066,0.5571834030658847
W37067,0.945530204452547
W37068,0.9190766386698643
W37069,0.8542945388365163
W37070,0.656555266761115
W37072,0.007369606310534479
W37073,0.8466274261574714
W37074,0.8373921561712199
W37075,0.8784667259269464
W37077,0.3908703994617498
W37078,0.35901807899432386
W37079,0.6404167414387946
W37080,0.926698037089659
W37081,0.851806853755238
W37082,0.885669006445907
W37083,0.9384570119256178
W37084,0.9661384690585887
W37085,0.744814068661243
W37086,0.6027173420127843
W37087,0.8533484634685439
W37088,0.9608813058341074
W37089,0.9362892190448356
W37090,0.47327208756040773
W37091,0.24103798296174275
W37092,0.0439068049813388
W37093,0.01977301677535601
W37094,0.9151221006924322
W37095,0.4798669305284942
W37096,0.7792145723061131
W37097,0.49576362479292674
W37098,0.821051104481322
W37099,0.9446430913404879
W37100,0.9537475300330688
W37101,0.7484983016567921
W37102,0.8633062705806415
W37103,0.9946839258128352
W37104,0.8139214697073647
W37105,0.9355312400589623
W37106,0.961770787355617
W37108,0.0058767272836400455
W37109,0.015595259339575345
W37110,0.8884003968832823
W37111,0.8656131927155437
W37112,0.9090019332724147
W37113,0.8280097173872435
W37114,0.8233130189845086
W37115,0.08977502582721814
W37116,0.8543791948117344
W37117,0.600254765864528
W37118,0.7227626812188531
W37119,0.888046281995084
W37120,0.8900123964266894
W37121,0.9668043072630373
W37122,0.8730069720048388
W37123,0.930915472035058
W37124,0.8148620133327353
W37125,0.983441509642412
W37127,0.9668231375005878
W37128,0.7156997088847716
W37130,0.8742623866533689
W37131,0.9024159356025157
W37132,0.934016263842673
W37133,0.9356991431035249
W37134,0.487868900080863
W37135,0.9891500879101186
W37137,0.8142472869028663
W37138,0.9228353479981805
W37139,0.9699994096622403
W37140,0.3511334300761751
W37141,0.786104595367283
W37142,0.8740074492208767
W37143,0.9321514229038489
W37144,0.7049309361010446
W37145,0.9256599078454973
W37146,0.9659757469554779
W37147,0.058835123048094254
W37148,0.9087362372429526
W37150,0.38776857522920305
W37151,0.9513538688952606
W37152,0.8658367922066644
W37153,0.016991280656079313
W37154,0.8213685143341427
W37156,0.9209021117345995
W37157,0.8764346476726954
W37158,0.9719778315972295
W37159,0.977762063602608
W37161,0.060708843549606026
W37162,0.99360274284022
W37163,0.006131116220672223
W37164,0.6207419690722257
W37165,0.9637203948786165
W37166,0.8551252725699465
W37167,0.8189433283671635
W37168,0.9111209205588117
W37169,0.9347542421262244
W37170,0.8763848332492821
W37171,0.8791119374580205
W37172,0.8569246923817166
W37173,0.9402524306698914
W37174,0.9486308568957506
W37175,0.9366763780481221
W37176,0.8736475922378727
W37177,0.7780138082003487
W37178,0.5776281033713294
W37179,0.8737607835268304
W37180,0.8054955879621871
W37181,0.8954285255676749
W37182,0.380203494456074
W37183,0.059830926716681894
W37184,0.08641931435051811
W37185,0.7960516568956749
W37186,0.7127543342271201
W37187,0.9015199530495381
W37188,0.1766250163254652
W37190,0.9063995381820852
W37191,0.780083781680882
W37192,0.8138500641807842
W37193,0.9529524525383459
W37194,0.7679048240412588
W37195,0.8586356882198841
W37196,0.8385782127708172
W37197,0.8969472230946484
W37198,0.3598595623585209
W37199,0.914530660052163
W37200,0.9282290233984914
W37201,0.7945187705669321
W37202,0.4768742503753582
W37203,0.23401457284684726
W37204,0.9020515083970801
W37205,0.8601821664158289
W37206,0.873391146418316
W37207,0.8904027832008287
W37208,0.9477045455169474
W37209,0.7527146417595929
W37210,0.69305844685417
W37211,0.14184014803975628
W37212,0.24423480053596458
W37213,0.07027119841175762
W37215,0.9460877748721493
W37216,0.7491264174398522
W37217,0.8983906718477516
W37218,0.8958316318378317
W37219,0.7370673051801766
W37220,0.8788393013719275
W37221,0.8620600218309434
W37223,0.9390651532164838
W37224,0.8174653571493526
W37225,0.8922146580212742
W37226,0.3027859600716881
W37227,0.8719219196914568
W37228,0.08668012311567938
W37229,0.050919803366975665
W37230,0.9329159591744377
W37231,0.9154584218169047
W37232,0.8181937409843131
W37233,0.8922093214051717
W37234,0.845613413508812
W37235,0.8676401189426033
W37236,0.3294894707576398
W37237,0.8333438098204005
W37238,0.1100772881510828
W37239,0.9266358140044312
W37240,0.6497562413557956
W37241,0.9369287562677171
W37242,0.702212932623411
W37243,0.8947824125849877
W37244,0.8988446036150677
W37245,0.7322610785004692
W37246,0.8353182608107295
W37247,0.18191410776324857
W37248,0.5082741968248338
W37249,0.40873789585770637
W37250,0.9934241638256773
W37251,0.8575462976393218
W37252,0.2573117133376896
W37253,0.7503200406089513
W37258,0.897263731943652
W37259,0.8929028220502991
W37260,0.32221694679584256
W37261,0.5276910613547394
W37262,0.8903134981239489
W37264,0.6852304858276538
W37265,0.9494321066090446
W37266,0.97651323169924
W37267,0.954107470559848
W37268,0.020454485360642274
W37269,0.9621595125676108
W37270,0.9488233048571494
W37273,0.5973214004820555
W37274,0.5839372596022435
W37275,0.9754231447421982
W37276,0.9771452321376376
W37277,0.8997981471704297
W37278,0.6045650778978487
W37279,0.5249594951668476
W37280,0.918239613227146
W37281,0.9530801887590841
W37282,0.977258417288442
W37283,0.8135321039096293
W37284,0.8867745615465102
W37285,0.9837252459086125
W37286,0.874093328054496
W37288,0.8558910947413328
W37289,0.6063420495352919
W37290,0.9361600576391977
W37291,0.24560527297314994
W37292,0.958109104684014
W37293,0.9554253750550006
W37294,0.952568557526651
W37295,0.1395401863875649
W37296,0.9538317185719957
W37297,0.8700809427305426
W37298,0.803756852701522
W37300,0.7130534070381768
W37301,0.95760531814999
W37302,0.8670064229788593
W37303,0.8984274767743985
W37304,0.8947088078378999
W37305,0.807328603630081
W37306,0.9770375172960004
W37307,0.9526618251029301
W37308,0.7888876690549235
W37309,0.23767964268824027
W37310,0.07051940285951025
W37311,0.05362177991553021
W37312,0.7994733863119253
W37313,0.8801756447152643
W37314,0.5678089577307085
W37315,0.8035988020405941
W37317,0.1831717115382487
W37318,0.9354301001158123
W37319,0.3381287965808821
W37320,0.033468200026640214
W37322,0.925705646484897
W37323,0.7032520504366443
W37324,0.873844912007844
W37325,0.8549296097652376
W37326,0.8392383853071351
W37327,0.3655360559986363
W37328,0.20134088155343124
W37330,0.8908825013922492
W37331,0.039806451516730984
W37332,0.7933403455106104
W37334,0.32448714786710475
W37335,0.8491790083109929
W37336,0.9691833113558229
W37337,0.9031595405740853
W37338,0.9906375181733904
W37339,0.8839137539813552
W37341,0.9486163634613802
W37342,0.9815033566655119
W37344,0.9601134419138482
W37345,0.9611831809324404
W37346,0.9845019887350109
W37347,0.3669745770767477
W37348,0.936421617726102
W37349,0.2775616390746705
W37350,0.8401212177110873
W37353,0.9759232474336446
W37354,0.6539854128134899
W37355,0.06123983322651985
W37356,0.02873352235266888
W37357,0.9132813306134338
W37358,0.8003796260196249
W37361,0.8878572567202979
W37362,0.32775975240285676
W37363,0.8651996260220474
W37364,0.9217034624532946
W37365,0.9524177906366595
W37366,0.9659903212564905
W37367,0.8759497687798272
W37369,0.805788154579673
W37371,0.9118289964362564
W37372,0.7825398576922744
W37373,0.8058521022004845
W37374,0.6910086639050175
W37375,0.048649340397763925
W37376,0.8595121069836353
W37377,0.9569428273341545
W37378,0.9499975665459699
W37379,0.8427765025056403
W37380,0.9422088051455022
W37381,0.9134854927376288
W37382,0.05872392437376311
W37384,0.8849948498112212
W37385,0.879333671179627
W37386,0.9292180690605182
W37387,0.7405018446951925
W37389,0.7887982786567911
W37390,0.9118189411934425
W37391,0.9778777645476694
W37392,0.7674098406333323
W37393,0.8195394241242687
W37394,0.5329276024085903
W37395,0.4715289335560533
W37396,0.9424170601326599
W37397,0.04747661418263983
W37398,0.41811926381632836
W37399,0.924824751619664
W37401,0.9345948016996323
W37402,0.6997662504344004
W37403,0.8849318929899855
W37405,0.9231875108609832
W37406,0.9134521956569531
W37407,0.9680456084357575
W37409,0.743295899739522
W37410,0.9526968523181105
W37411,0.9069143581575263
W37412,0.7573039748072108
W37413,0.9664308611920582
W37414,0.9128069770403511
W37415,0.8629496877040077
W37417,0.9459655984177486
W37418,0.6677303700093061
W37419,0.8404910169492724
W37420,0.9683154915154384
W37421,0.9408557824166738
W37422,0.9917812184162539
W37424,0.9280141642761888
W37425,0.21886100021405425
W37426,0.8602953547109421
W37427,0.024754729351312375
W37428,0.6979688551986707
W37429,0.8898241610863208
W37430,0.7720136848786858
W37431,0.9014795099921901
W37432,0.8881239052204987
W37433,0.974179918163896
W37434,0.7431014706598233
W37435,0.6587472558628921
W37436,0.6644023184154221
W37437,0.9572713209761875
W37442,0.49875339623348613
W37443,0.8825088584240022
W37446,0.17702035509429645
W37449,0.18057497354856564
W37450,0.7911709707303352
W37451,0.04225136900191752
W37452,0.31388873314792376
W37453,0.9256466441861368
W37454,0.8861269355976842
W37455,0.7736143528797407
W37456,0.8984137758506697
W37457,0.9026778382285501
W37458,0.8626796336855262
W37459,0.9582563402957017
W37460,0.9012235858314263
W37461,0.019576682433402097
W37462,0.9834877900050046
W37463,0.8854620491227787
W37465,0.9795417963421458
W37466,0.833485272820585
W37467,0.8814227125461924
W37468,0.32359437470669383
W37469,0.9179541152733143
W37470,0.7945934223574721
W37471,0.3435655479580113
W37473,0.9905938837537583
W37474,0.6557482513204771
W37475,0.5251429081062645
W37476,0.9399184275166769
W37477,0.888833013360059
W37478,0.7788062993673469
W37479,0.528100716038445
W37480,0.8820665074475522
W37481,0.892382595292755
W37482,0.6901969283661885
W37483,0.4008935152462631
W37484,0.015000349798037313
W37485,0.8509861141366911
W37486,0.885685932870791
W37487,0.9429219718149575
W37488,0.9038100036578931
W37489,0.26143262466305706
W37490,0.33936943418298277
W37491,0.8552855518449785
W37492,0.9165742436389656
W37493,0.9102460364550274
W37494,0.7777564174966196
W37496,0.8091206714054684
W37497,0.3347389408489599
W37498,0.9894950353587711
W37499,0.8494172553328895
W37500,0.7891833976499003
W37501,0.6236553884100423
W37502,0.8974611914710378
W37504,0.924718303504923
W37505,0.7927163100586442
W37506,0.03579971949719261
W37507,0.9434295392563389
W37508,0.8725780619925467
W37509,0.8399370742817817
W37510,0.2757638784911205
W37511,0.7621786611498347
W37512,0.9130396147650374
W37514,0.793939827641024
W37515,0.1080079381275588
W37516,0.419724670926376
W37517,0.8527994500718895
W37518,0.3926074996324686
W37519,0.9318836910356137
W37520,0.9640828328429518
W37521,0.8877099321341456
W37522,0.9683223448353105
W37523,0.9321827227557103
W37524,0.721378447078614
W37525,0.9262871377122177
W37526,0.21192468702194323
W37527,0.4494014818978967
W37528,0.9142675520333785
W37529,0.8807139446273357
W37530,0.6845958650221907
W37531,0.06006231472077213
W37532,0.8698957495913423
W37534,0.9730348789593796
W37535,0.9334069173852284
W37537,0.9517300660959698
W37538,0.5921208102018809
W37539,0.9913949098212704
W37540,0.9807159101387736
W37541,0.9935103560022553
W37542,0.9791558730608964
W37545,0.6702964039501966
W37546,0.8364968949932232
W37548,0.9216899309392413
W37549,0.796981000857665
W37551,0.33710331303238117
W37552,0.8897013537089189
W37553,0.7789003427591802
W37554,0.9591498007650922
W37555,0.9003820633390552
W37557,0.06761822519055521
W37558,0.5025184878553002
W37561,0.9667579565042769
W37562,0.7446691593554362
W37563,0.9233573568363219
W37564,0.7706447043912517
W37565,0.9585345742305181
W37566,0.9440408371061279
W37567,0.45358204856749507
W37568,0.9439120344001816
W37569,0.7428311943956322
W37570,0.9288886632383203
W37572,0.3929466886380761
W37573,0.8649143505554309
W37574,0.950820299635943
W37575,0.5106795878204945
W37577,0.9904116092056346
W37578,0.8890437381391263
W37579,0.713637858127452
W37580,0.9049980937368178
W37581,0.6997614744898644
W37582,0.825417606414571
W37583,0.9297724835274453
W37584,0.09231536554199303
W37585,0.8877717213973765
W37586,0.9568937588150105
W37587,0.8416585979633046
W37588,0.8663053267663988
W37589,0.8723529130917899
W37591,0.9342321311244026
W37593,0.911774515712303
W37594,0.8746761342396364
W37595,0.2398097944196204
W37596,0.6412454641009769
W37597,0.9242653275945141
W37599,0.3114459416724263
W37601,0.8493199662715196
W37602,0.7726805658971739
W37603,0.42091477437580693
W37604,0.8412072077336967
W37605,0.8601457354823884
W37606,0.5569085836060349
W37607,0.9526414042109557
W37608,0.4786284626845691
W37609,0.5795575903893626
W37610,0.020004522448641933
W37611,0.8631248698197013
W37612,0.6892698086552133
W37613,0.8343583404394103
W37614,0.9157463101390034
W37615,0.9184178894100673
W37617,0.207174048278225
W37618,0.8535365759392457
W37619,0.22956499101051644
W37620,0.9183115800002583
W37621,0.9670108078494855
W37622,0.9608281506886257
W37624,0.8815259271020557
W37625,0.18274247259457038
W37627,0.3916726429316749
W37628,0.3360500451575469
W37629,0.8011085707198308
W37630,0.9649829711455027
W37631,0.9537923342789342
W37633,0.9551008203483222
W37634,0.9465048830176206
W37635,0.5154986275132482
W37642,0.0475755390901202
W37644,0.27142095494102436
W37650,0.1711655071452616
W37651,0.9881669873834715
W37653,0.3827452472774344
W37654,0.8916058198202464
W37657,0.7770550304477907
W37658,0.49753446210822067
W37660,0.8500055492681952
W37661,0.9676150175139834
W37663,0.9565970924395314
W37664,0.863148527885008
W37665,0.8368343019223577
W37666,0.020713241874213417
W37667,0.8257026171676504
W37668,0.8771707960555868
W37669,0.8543777098239416
W37670,0.962463027298807
W37673,0.876334834983689
W37674,0.06070124644048948
W37675,0.9522700899554613
W37676,0.5471266335443336
W37680,0.853625306492307
W37682,0.9444849963388534
W37683,0.9873335555645839
W37684,0.7760692685258083
W37685,0.7594655144358556
W37686,0.14846211844593313
W37687,0.8901483763070416
W37689,0.8506238044643399
W37691,0.9939667882988932
W37692,0.955816059412383
W37693,0.9734230607764324
W37694,0.8388031301867138
W37696,0.9496229468362103
W37698,0.35789460483266594
W37699,0.9818162743900588
W37700,0.8820167772081847
W37701,0.8749703372835037
W37702,0.799911820781102
W37704,0.6439377129919088
W37706,0.8600074546283103
W37707,0.6919683856935476
W37708,0.9666907013776462
W37709,0.02614450247822899
W37710,0.9783376394276093
W37711,0.9107051766974135
W37712,0.7333179291617365
W37713,0.42753225500022035
W37714,0.979545308905002
W37715,0.8394898292320028
W37716,0.816538864768714
W37717,0.949115960343685
W37718,0.851875981888148
W37719,0.559024137652611
W37720,0.9472659548470974
W37721,0.787660555685284
W37722,0.8039337366518282
W37723,0.05179476162238256
W37724,0.6619448336649211
W37725,0.8980619906989
W37726,0.6281629055924701
W37728,0.8191224039158921
W37729,0.06503359833014243
W37730,0.9469421457701254
W37731,0.947571214616736
W37737,0.8957946332766021
W37738,0.45522871639909734
W37739,0.7895118165549845
W37745,0.827980275021916
W37746,0.9692286634806702
W37747,0.9205752053974912
W37748,0.6973792862792066
W37753,0.9960071993367567
W37754,0.9501279955486704
W37756,0.7759356147950799
W37758,0.8551136511721087
W37759,0.6186106635676083
W37761,0.6753482797213657
W37762,0.09394492474078273
W37763,0.3384387978816455
W37764,0.5822985571642656
W37765,0.7804628340921822
W37766,0.670959128490963
W37769,0.7850234132593277
W37770,0.8575806394147035
W37771,0.9824008866843761
W37772,0.883154460203423
W37776,0.42925798069673327
W37777,0.8507743777463194
W37778,0.2096697885465672
W37779,0.8832180418962811
W37780,0.43958611575753564
W37781,0.8296209306736694
W37782,0.9215581555569583
W37786,0.9043859655777357
W37788,0.8344580982771569
W37790,0.7835734389778678
W37793,0.7290523206101142
W37794,0.9328707238961544
W37795,0.4982179259528416
W37796,0.8578660646280422
W37797,0.9205142491309951
W37798,0.9011328176011535
W37799,0.338653009783114
W37800,0.8787311209484732
W37801,0.240210668529824
W37803,0.9111292293593716
W37804,0.8939129208350751
W37805,0.8618744725540529
W37806,0.015359206548780334
W37807,0.8253272165294769
W37809,0.8103712026155375
W37811,0.9210077561229492
W37812,0.8206005707784252
W37813,0.8575747264014182
W37817,0.793702939490135
W37818,0.9046779244619274
W37819,0.7630255926151136
W37820,0.616803907414169
W37822,0.8454060461733303
W37825,0.8401776012263671
W37826,0.8788657880947585
W37828,0.9512606761643174
W37830,0.2846135439352895
W37833,0.9956145245707572
W37835,0.7869806323582121
W37838,0.26273709275759477
W37841,0.9631630808175854
W37842,0.8599542366077292
W37843,0.4381663457179905
W37844,0.3165047903586224
W37847,0.08628620094144704
W37848,0.09328009611053442
W37849,0.9404904199401845
W37850,0.8823749677198593
W37851,0.9232026708046699
W37852,0.9310807005871489
W37853,0.7738890366900779
W37854,0.19926722196152785
W37857,0.052443661758547165
W37858,0.9521456645751274
W37859,0.8187595906371815
W37860,0.3416911676757735
W37861,0.944412268466695
W37863,0.7991464280733745
W37864,0.907938459843571
W37865,0.9694088910816729
W37866,0.9444761126064324
W37867,0.13557345419474026
W37868,0.774755371628067
W37870,0.2853093373353193
W37872,0.7781309052437236
W37873,0.7682888155023623
W37874,0.8746275779479273
W37875,0.9393991127828771
W37876,0.9523434392238861
W37878,0.9279024887686642
W37880,0.8494678540904058
W37881,0.9704513305707768
W37882,0.8548186704294997
W37883,0.8372464158610362
W37885,0.058870752898870816
W37886,0.8565915884451027
W37887,0.9497964425911724
W37888,0.9893834362016106
W37889,0.8916204297327178
W37890,0.03550788943842674
W37891,0.20368055941957863
W37892,0.5369264741429047
W37893,0.9414020638173635
W37894,0.8009512418814807
W37895,0.8575980493023879
W37896,0.955685045443653
W37898,0.8107185740911007
W37899,0.9513242695241253
W37900,0.9409063766269501
W37901,0.9491300984480829
W37902,0.9332036775056595
W37903,0.12665952958181065
W37904,0.9644462671349986
W37906,0.5921976331793419
W37907,0.0778235309132545
W37908,0.3371074842204444
W37909,0.21804611348250838
W37910,0.6892060116860398
W37913,0.13017866386247404
W37914,0.0440688730711931
W37915,0.9554501713497432
W37916,0.11256008783109557
W37917,0.9093490423150405
W37918,0.8250388420477524
W37919,0.944312406593372
W37921,0.8475135642418203
W37922,0.8928745475072872
W37923,0.7491355424812466
W37924,0.34067434692150317
W37929,0.8793235358574578
W37935,0.8427620528794981
W37937,0.8609155067243223
W37938,0.9832284885860405
W37939,0.9414197482024804
W37940,0.799612841505856
W37941,0.7190503820877032
W37942,0.7798092383605993
W37943,0.06854460733857226
W37945,0.25237760736031867
W37946,0.848439622570203
W37948,0.8748609069825017
W37951,0.11347249045596326
W37952,0.5352197159155789
W37953,0.827305946784937
W37954,0.877553372413326
W37955,0.9857028133784319
W37956,0.9320298896001237
W37957,0.6168357326382533
W37959,0.7914324467340731
W37960,0.7601946728481965
W37961,0.23666916687568162
W37962,0.9083211132861052
W37963,0.8706869457888524
W37964,0.7071701043403041
W37965,0.5835182149835503
W37967,0.1256048169025944
W37969,0.9272444150278251
W37970,0.2694076707207635
W37971,0.06796512107506895
W37972,0.7129463408015988
W37974,0.8072156153549347
W37975,0.888613906810708
W37977,0.7321365949529485
W37978,0.9694902297092353
W37979,0.05672883507452577
W37980,0.9560148405687305
W37982,0.8870846594419374
W37983,0.1360580678478427
W37984,0.6792492874497371
W37985,0.9925851181603439
W37986,0.9655569662021477
W37988,0.9596391479760972
W37989,0.42474736226203613
W37990,0.8722852629971607
W37991,0.9987396983650104
W37992,0.6146910688715612
W37993,0.7618019051963455
W37994,0.9903514764544294
W37995,0.9013067620144006
W37996,0.9453734648006084
W37997,0.8578857380375686
W38000,0.16929739667779034
W38001,0.8611711338987185
W38002,0.9093945492896388
W38003,0.9313056956993851
W38004,0.3260342657777746
W38005,0.917059386914124
W38006,0.6600798593896751
W38008,0.7308356007280142
W38009,0.5806509825224541
W38010,0.7844777764261547
W38011,0.8634943898587775
W38012,0.9008022780962956
W38013,0.5436686373005655
W38014,0.9278310757747192
W38017,0.9906369787942619
W38018,0.922592170881249
W38019,0.15355484691770743
W38020,0.10671176449797165
W38021,0.8201942992801222
W38022,0.8945927076624385
W38023,0.9813007749623024
W38025,0.8616780592073763
W38026,0.8734275762561008
W38027,0.9158537229645646
W38030,0.27335454066929993
W38031,0.7954128678070315
W38032,0.7776379433199374
W38033,0.9794381295277642
W38034,0.9865682336428141
W38035,0.025192579440580887
W38036,0.4068348301509379
W38037,0.5513995402948896
W38039,0.9516628848918987
W38040,0.9770692098277519
W38041,0.8906318728109112
W38042,0.938505288963039
W38043,0.9710520195937521
W38045,0.5411395865174675
W38046,0.9038877448840379
W38047,0.8973492254988195
W38048,0.9868217674491386
W38049,0.6910842690335851
W38050,0.6462152414605878
W38051,0.9385681562843383
W38052,0.9207160028293052
W38053,0.90848444632279
W38054,0.15023501855816868
W38055,0.9778143785450616
W38056,0.6603934537356552
W38057,0.9733740469829789
W38058,0.8387060762923824
W38059,0.03299799876514297
W38060,0.8162584797559167
W38061,0.6802305956766285
W38062,0.580259252166725
W38063,0.983791447981934
W38064,0.015826222626355527
W38065,0.9879880035308553
W38066,0.9233885274264149
W38067,0.03777695044015466
W38068,0.7450041944591403
W38069,0.6989246255511887
W38070,0.8642808365567832
W38071,0.20295051635457642
W38072,0.6507648889655373
W38073,0.8976847538754354
W38074,0.933740264417232
W38075,0.9426760886037938
W38076,0.4127629042654675
W38077,0.9627298780554819
W38078,0.9353736155013421
W38079,0.8794486276535497
W38080,0.9322150425119835
W38081,0.7983269329741627
W38082,0.33562511559358976
W38083,0.03663935995285931
W38084,0.8993990053400216
W38085,0.9383283801843693
W38086,0.9717505614906966
W38087,0.7882960191216339
W38088,0.470359386054377
W38090,0.9423267352701811
W38091,0.9705226101972663
W38092,0.5296903215160683
W38093,0.4208767911560618
W38094,0.7553471621586789
W38095,0.9395019885191609
W38096,0.09948803154790434
W38097,0.6333935053061512
W38098,0.8509775260838258
W38100,0.8618006666886178
W38101,0.8418837895131923
W38102,0.9315604369656977
W38103,0.8866295485662387
W38104,0.04469863855627735
W38105,0.8927958439519139
W38106,0.7936865579881465
W38107,0.8935817769599371
W38108,0.47726365129793696
W38109,0.8999146087958774
W38110,0.9294610229539227
W38111,0.9674651782324892
W38112,0.7473964801661116
W38113,0.8504907376589087
W38114,0.5070787204590629
W38115,0.8334551434473584
W38116,0.7392047111125929
W38117,0.504001638166485
W38118,0.932493564969764
W38119,0.9914823693374386
W38121,0.7810348865504941
W38123,0.9617221154180339
W38124,0.8969878445882149
W38125,0.7647365931010724
W38126,0.8609689134966533
W38127,0.8360633792093591
W38128,0.7344971964951812
W38129,0.062132360434155695
W38130,0.8433296045101104
W38131,0.9357707817832224
W38132,0.7875530716826444
W38133,0.7313536425630249
W38134,0.164751472517752
W38135,0.02459819400063443
W38136,0.934394166432583
W38137,0.875923723433887
W38138,0.9078854276494961
W38140,0.8447238480295641
W38141,0.7672985733408862
W38142,0.9380262744639888
W38143,0.08652649247945587
W38144,0.9899202025780245
W38145,0.8880832933391761
W38146,0.916404494548353
W38147,0.9492668834474824
W38148,0.9179578212818512
W38149,0.04012405895516815
W38150,0.7269140895355937
W38151,0.9260604190998142
W38152,0.01235777360061292
W38153,0.7027823551849706
W38154,0.761085877746908
W38155,0.9590480075807237
W38156,0.7316645311039627
W38157,0.38928393972254316
W38158,0.9641117043221922
W38159,0.09546626204527134
W38161,0.8707636006148696
W38162,0.9266736541838829
W38163,0.9524311176870958
W38164,0.9348869213124388
W38165,0.6551021614199584
W38166,0.7586922489008766
W38167,0.8536286338708194
W38168,0.8892234859105873
W38169,0.9533087389421171
W38170,0.18277538169730473
W38171,0.8694444681389372
W38172,0.8526124800204171
W38173,0.8860886778051549
W38175,0.9762703649395545
W38176,0.7173760995127362
W38177,0.9454622969983101
W38180,0.933036196761529
W38181,0.9090484478621008
W38182,0.7660201903252853
W38183,0.9549376222749923
W38184,0.9136615405933358
W38185,0.9155701068035901
W38186,0.8986012816990798
W38187,0.9553999085123809
W38188,0.9295237634939717
W38189,0.939249877043233
W38190,0.8996095442995314
W38191,0.36802426511194897
W38192,0.9600456297599499
W38193,0.27774353962993614
W38194,0.9010683988262065
W38195,0.9070121369959453
W38196,0.829870292973811
W38197,0.5233086305923924
W38198,0.6221412196699945
W38199,0.5792518160413158
W38200,0.9656370194535009
W38201,0.967665426465472
W38202,0.8427918198503225
W38203,0.019331269983295717
W38204,0.9415818886023616
W38205,0.9185861370571361
W38206,0.975086869148319
W38207,0.10624038431812528
W38208,0.880116522449524
W38209,0.9575712073269212
W38210,0.8790824442420955
W38211,0.9845873069992805
W38212,0.9116779095596245
W38213,0.9299688374969051
W38214,0.8896168856503047
W38215,0.8584061876928231
W38217,0.9941552626167173
W38218,0.8945670931373272
W38219,0.24098621922494787
W38220,0.9498813200539314
W38221,0.8624407636670334
W38222,0.36610782312600215
W38223,0.15308722357584095
W38224,0.04670933570060451
W38225,0.9539867813470116
W38226,0.8968109905958406
W38227,0.7995392281996847
W38228,0.9524920676565081
W38229,0.2375928706288261
W38230,0.9937702802095408
W38231,0.9828153067089318
W38232,0.8091776691398074
W38233,0.9725122695537557
W38234,0.9684948266067077
W38235,0.8888095524492786
W38237,0.6265837308572216
W38238,0.9464330605717257
W38239,0.9702186832946724
W38240,0.2516704140173238
W38241,0.026452733420031266
W38242,0.8161166583528265
W38243,0.946304203758
W38244,0.895653581994115
W38245,0.02352191811425575
W38246,0.8458545607186753
W38247,0.9093297441814125
W38248,0.8680004410293422
W38249,0.6082308317235855
W38250,0.3722185166249097
W38251,0.9842707985685544
W38252,0.8651836894571961
W38253,0.6241518506018703
W38254,0.8504210128805427
W38255,0.18107657491760948
W38256,0.562462396150117
W38257,0.823150159359019
W38258,0.8659627621555717
W38259,0.9337006372161973
W38260,0.9670117368468648
W38261,0.9288802436814412
W38262,0.948294024038646
W38263,0.9449281858717935
W38264,0.9927762039419324
W38266,0.13538595735548728
W38268,0.7108240497907657
W38269,0.8764479589918082
W38270,0.8713260826974377
W38271,0.5703738898985071
W38272,0.6954150436775558
W38273,0.9307653925537371
W38274,0.059661768736547306
W38275,0.9438053441325847
W38276,0.6828418587792623
W38277,0.8307932530129835
W38278,0.8513584789525006
W38279,0.8905405979465703
W38280,0.7084912103670776
W38282,0.9251439668724476
W38283,0.9775867433877586
W38284,0.92337640278029
W38285,0.9424735502993307
W38286,0.779003043582104
W38287,0.8822171610120259
W38288,0.5268915069383404
W38289,0.9632121150264925
W38290,0.7297106263955576
W38291,0.8224598717894337
W38292,0.6840002258836391
W38293,0.9005351626967688
W38294,0.9273020773555819
W38295,0.8603692313541692
W38296,0.8678890309368155
W38297,0.7993664437376677
W38298,0.8119652273696759
W38299,0.1313274861239308
W38300,0.917055606735016
W38301,0.36271787914151293
W38302,0.5892737027006426
W38303,0.8682942343641046
W38304,0.8816541889076234
W38305,0.7810566906471673
W38306,0.5945612388066818
W38307,0.9098578422298583
W38308,0.9131458541887989
W38309,0.305409792680514
W38310,0.7827509230425689
W38311,0.9567726271928192
W38313,0.19064576806682557
W38314,0.9077621501715549
W38315,0.8080267353906699
W38316,0.8149210603525778
W38318,0.8749073133134319
W38319,0.8572692702666805
W38320,0.6716909702177218
W38321,0.9279973470186758
W38322,0.5111475057522018
W38323,0.1003855471626978
W38324,0.8106916080101519
W38326,0.8775910930297462
W38327,0.8481667659080909
W38328,0.45985784885137687
W38329,0.8916348502883633
W38330,0.31631169690551547
W38331,0.9520388874791835
W38332,0.8802608065399121
W38333,0.7732173006049411
W38334,0.927347393953812
W38335,0.5527589161031489
W38336,0.9520086478538942
W38337,0.938139054079112
W38338,0.9131654451646715
W38339,0.6269067176448968
W38340,0.9138667158334747
W38341,0.8877921454798741
W38342,0.8508405509530356
W38343,0.938797455594423
W38344,0.8456028086291167
W38345,0.8555796053763177
W38346,0.7888474761228106
W38347,0.3009729572912941
W38348,0.4638545252130778
W38349,0.06692589298530884
W38350,0.7625674749332997
W38351,0.5145166604853277
W38352,0.8878432615376839
W38353,0.8744199349536675
W38354,0.3690958328691031
W38355,0.9068227805198191
W38356,0.8389115952345538
W38357,0.8761387829968821
W38358,0.4757981390645077
W38359,0.9228731686493593
W38360,0.9814116998047249
W38361,0.9285908253133002
W38362,0.8594017093011473
W38363,0.8532943607402099
W38364,0.9458466886827838
W38365,0.8903498848217839
W38366,0.8796446691380839
W38367,0.9336410002376115
W38368,0.5455273408576159
W38369,0.8718728912455624
W38370,0.8602509144654645
W38372,0.020498545301238826
W38373,0.941021494018738
W38374,0.026109223379801167
W38375,0.9810067180363616
W38376,0.24556746988220493
W38377,0.23379170628769733
W38379,0.918788840690253
W38380,0.10031050623283953
W38381,0.7705113979699356
W38382,0.8737283819544238
W38383,0.8442348387516065
W38384,0.027502875488895632
W38385,0.929330852433766
W38386,0.8965958946495294
W38387,0.9129537154451504
W38388,0.04385028940583946
W38389,0.2762467053970743
W38390,0.8764749156951165
W38391,0.947367796136438
W38392,0.18837848639914795
W38393,0.9740017910760171
W38394,0.9055458977524898
W38395,0.9816451541869341
W38396,0.7751601488999073
W38398,0.2129916454062046
W38399,0.886217445433383
W38400,0.19875162259914667
W38401,0.8911547276646419
W38402,0.6833099770667364
W38403,0.8935547888712448
W38404,0.0793619881626677
W38405,0.9654278790804883
W38406,0.9900139451655516
W38407,0.8686406186201363
W38409,0.6980976904519217
W38410,0.9280113841463461
W38411,0.8901706082231927
W38412,0.7254560286707005
W38413,0.6586376895577208
W38414,0.958242188222492
W38415,0.932149844163998
W38416,0.8824717625486094
W38417,0.9033656871173923
W38418,0.5367819954745564
W38419,0.8967871611510342
W38420,0.7798116748608591
W38421,0.8000635152024956
W38422,0.924052258373538
W38423,0.9650911992598132
W38425,0.7873958974494089
W38426,0.9498144749389953
W38427,0.8648154715758251
W38428,0.8879503662971983
W38429,0.6954755609274343
W38430,0.9233014473356392
W38431,0.8414305448074237
W38433,0.861918680860422
W38434,0.8183733454189965
W38435,0.9173921690237298
W38436,0.7332301947508008
W38437,0.9248582393908539
W38438,0.7866130123166286
W38439,0.1657705789949338
W38440,0.9744339973135444
W38441,0.8537309733103724
W38443,0.94444347411441
W38444,0.44090117260984946
W38445,0.8732497038328766
W38446,0.9200693500269942
W38447,0.8481134254773611
W38448,0.9961347034732504
W38449,0.20185722563635844
W38450,0.8306662782864435
W38451,0.5578968579899592
W38452,0.9299872485901961
W38453,0.8380601224946705
W38454,0.6856670348999762
W38455,0.9167425200584419
W38456,0.7480473192330012
W38457,0.8613424967316564
W38458,0.8746972099073863
W38459,0.7809094103598885
W38460,0.9041065060384074
W38461,0.6980596730295127
W38462,0.8428799474874912
W38463,0.86993962871096
W38464,0.9378909665527803
W38465,0.6693528128705613
W38466,0.0934144812331438
W38467,0.5198499277592434
W38468,0.825141123639055
W38469,0.8781273764488361
W38470,0.9280655434969384
W38471,0.5194869794154257
W38474,0.02061418831539169
W38475,0.7731200857940645
W38477,0.8952916341231247
W38478,0.044697663972929826
W38480,0.8870331032084828
W38481,0.37126999229817015
W38482,0.5247616260624693
W38483,0.8767632745988907
W38484,0.9279126865195233
W38485,0.38136151643112354
W38486,0.9507781019435283
W38488,0.9354192506022715
W38489,0.7307849936982088
W38491,0.9094400011113368
W38492,0.9684694927486485
W38493,0.8954153518842781
W38494,0.8692506413984712
W38495,0.8764619360827681
W38496,0.6620696909827539
W38497,0.18833030634997538
W38498,0.8679588352334681
W38500,0.9316332467969224
W38501,0.9449049091130521
W38502,0.8211169302281174
W38503,0.9063341250615395
W38505,0.9575626767546639
W38506,0.9222491775281139
W38507,0.9251494125156066
W38509,0.9023359996511211
W38510,0.9404659367275847
W38512,0.7088450048534103
W38515,0.9001900601105018
W38516,0.5376856581640461
W38517,0.5973989003642136
W38519,0.8225957254495879
W38521,0.8973125477890147
W38522,0.8760817088478021
W38523,0.25930902513922927
W38524,0.3499088842616148
W38525,0.8110085982536615
W38526,0.8383247040242522
W38527,0.9301178149522139
W38528,0.948162229911489
W38529,0.021580926916548077
W38530,0.899386818302046
W38531,0.8029547970582573
W38532,0.6898719985282966
W38533,0.8659347989688029
W38534,0.9249967475261305
W38535,0.8836653784335657
W38536,0.31783529556513807
W38537,0.7579077591793943
W38538,0.9039487332790624
W38539,0.7647038947485136
W38540,0.8449952789843055
W38541,0.051947932550383276
W38543,0.9396177429048471
W38544,0.9817244916663664
W38545,0.7291547045594325
W38546,0.07285090881594056
W38547,0.402289755730797
W38548,0.06483159056583387
W38549,0.10145576573077647
W38550,0.24410023964020167
W38551,0.052813544558231104
W38552,0.9108084948892053
W38553,0.8567979435432397
W38554,0.5036842194478001
W38555,0.9044023170152325
W38556,0.835787050844297
W38558,0.8157023885974027
W38559,0.39625783842279283
W38560,0.9685383428634561
W38561,0.11922508808535637
W38563,0.8756497301420691
W38564,0.755258033676385
W38565,0.8734935305886645
W38568,0.8399393330817261
W38569,0.5589777856997068
W38570,0.8499402428937533
W38571,0.7053992822308718
W38572,0.7911279459390799
W38573,0.9008006087015555
W38575,0.4049086645894588
W38576,0.696456751984796
W38577,0.8760959917927759
W38578,0.8010409699175366
W38579,0.4250315213760261
W38580,0.7670578735180441
W38581,0.9146621153861539
W38582,0.8621096722514793
W38583,0.3263840006484696
W38584,0.9269964533918206
W38585,0.9364016789125237
W38586,0.30620248699675257
W38587,0.8424166605659789
W38588,0.7729745174272897
W38589,0.19793733662234714
W38590,0.06392251497158954
W38591,0.5090566348904748
W38592,0.8478843667888101
W38593,0.9938253153400335
W38594,0.941412441830665
W38595,0.9878352464323117
W38596,0.4332209070108271
W38597,0.947352942743437
W38598,0.11370783756788641
W38599,0.9749105735443513
W38601,0.851441948426636
W38602,0.9251946095986606
W38603,0.8430058477017672
W38604,0.9886085873140612
W38605,0.9222324884867593
W38606,0.05903711687562865
W38607,0.3767945326987982
W38608,0.8199839147154688
W38609,0.8487568977843396
W38610,0.6768169045873276
W38611,0.18141249935458448
W38612,0.7610513141755666
W38613,0.8015341141207925
W38614,0.08210259389160766
W38615,0.8269850683092697
W38616,0.6024077649342983
W38617,0.9574270351712219
W38618,0.8718273020086151
W38619,0.610704830977358
W38620,0.8638412949791587
W38622,0.8050163486255353
W38623,0.6109058134834214
W38624,0.2503388012065282
W38625,0.8473219378583414
W38626,0.031155585788337804
W38627,0.8213633077021626
W38628,0.8256607369465321
W38629,0.9131290063256554
W38630,0.07405607131260622
W38631,0.9507272683043522
W38632,0.7961468772326415
W38633,0.12227410234820302
W38634,0.9011311448390603
W38636,0.8232265071933443
W38637,0.6599585109975805
W38638,0.8972568617410316
W38640,0.5394079860712124
W38643,0.12129138818164839
W38644,0.2632468371147984
W38645,0.7334678000384156
W38646,0.933945835232743
W38647,0.8534314079235835
W38648,0.06028968222783256
W38649,0.8585406674883022
W38650,0.900342368367004
W38651,0.7762155866223223
W38652,0.22020053741035245
W38653,0.6681981607589845
W38654,0.8962749187681062
W38655,0.12201543143956327
W38656,0.6826831399189137
W38657,0.9722485369278159
W38659,0.8396998424041472
W38660,0.914762607056348
W38662,0.2441710465139256
W38663,0.2145820679108445
W38664,0.9693147186723275
W38666,0.9073140707157403
W38668,0.8393115945916888
W38669,0.864065250216553
W38670,0.2986107913927777
W38672,0.9608606863897292
W38673,0.9323673639933814
W38674,0.7843947930014856
W38675,0.3227926671012945
W38676,0.8389856759710587
W38677,0.9150213995561901
W38678,0.8162037635027026
W38679,0.9214348603270937
W38680,0.7840655494451549
W38681,0.8980593790155714
W38682,0.013257017619818621
W38683,0.8551106248667569
W38684,0.8409560612815938
W38685,0.560234814667022
W38686,0.6012261519229357
W38687,0.9347806070281848
W38688,0.9319680334891233
W38689,0.9216408857310756
W38690,0.08682540923776214
W38691,0.9396565244156767
W38692,0.8312324711898946
W38693,0.9452835588209246
W38694,0.5162792605108917
W38695,0.02885725860176127
W38697,0.569035567295409
W38698,0.380166100111406
W38699,0.2045193046926358
W38700,0.9055742404936911
W38701,0.8317847605679825
W38702,0.8813060019685235
W38703,0.8150191329759074
W38704,0.9826038845439191
W38705,0.5020011327864448
W38707,0.12258259728767025
W38709,0.8184518980893676
W38710,0.9229205864854441
W38711,0.32076373614785864
W38712,0.6054448732895804
W38713,0.8582779691296593
W38714,0.7822353462117502
W38715,0.6172860294769686
W38716,0.9244462493315678
W38717,0.9449834569633673
W38718,0.353255645095116
W38719,0.8624622150247098
W38720,0.9481051947333677
W38721,0.8467462955617217
W38722,0.8307137317173776
W38723,0.8167677228943198
W38724,0.8359913755045509
W38726,0.2439037420690197
W38727,0.9063965901503737
W38728,0.8912988397449715
W38729,0.07179250907533304
W38730,0.8176314589254915
W38732,0.4229268831235836
W38733,0.47027233648825095
W38734,0.8089688829068706
W38735,0.7963921280693179
W38736,0.9867205789169698
W38737,0.9021613797765207
W38738,0.8641158940675843
W38739,0.7574084861369976
W38740,0.9061538938277883
W38741,0.16208561726414136
W38742,0.43755565844946187
W38744,0.31524925678640076
W38745,0.808305084857072
W38747,0.1955627484625188
W38748,0.8483697918446709
W38750,0.7162433716159529
W38751,0.6735915652852812
W38752,0.8746291883816059
W38753,0.9201223180156816
W38754,0.745388887700306
W38755,0.9016994729943445
W38756,0.8935576682194384
W38757,0.8413378029382987
W38759,0.8434901416773564
W38761,0.625487407109379
W38765,0.8262937749803653
W38767,0.9246116814121214
W38768,0.9770411960027747
W38769,0.9014934422303198
W38770,0.7755291087556861
W38771,0.9267911828823419
W38772,0.8333819698683648
W38773,0.8177796722861618
W38774,0.8518345596556282
W38775,0.015332077181717614
W38776,0.2087435124934293
W38777,0.9446872006169649
W38778,0.12762280337060666
W38779,0.024298558737113448
W38781,0.36291789156544646
W38782,0.8739101843825609
W38783,0.8439751312100151
W38784,0.8602576449844549
W38785,0.9273327548855559
W38786,0.7230858613026001
W38788,0.28644810165241297
W38789,0.8785320220939152
W38790,0.9202772581085958
W38791,0.43496771153464214
W38793,0.8692234697745426
W38794,0.3634371626917442
W38795,0.14767670842967215
W38796,0.9197302511211987
W38797,0.878242728826084
W38798,0.866645914407194
W38799,0.5190843544247582
W38800,0.981806849456918
W38801,0.23249025013638516
W38802,0.40629777177738974
W38803,0.8824008688113302
W38804,0.9580280671759834
W38805,0.3565266015271407
W38806,0.7896220116281466
W38807,0.9425886699397716
W38808,0.9426698308508574
W38809,0.23281456217793825
W38810,0.9812368609350468
W38811,0.5881182271473463
W38812,0.8995787669300873
W38813,0.9321950915645479
W38814,0.9031041709827216
W38815,0.8417690405745782
W38816,0.8815803208747269
W38818,0.9485884604167433
W38819,0.9536622137941697
W38820,0.44269277929587564
W38821,0.6801354829092837
W38822,0.7088086713373006
W38823,0.8409682062940502
W38825,0.87459211343111
W38826,0.24952061194631148
W38827,0.953065541358418
W38828,0.8155227941751388
W38829,0.8680632704162564
W38830,0.3260146111758092
W38831,0.19277180962341445
W38832,0.947530326310544
W38833,0.8487646704307228
W38834,0.6879498877913087
W38836,0.2810888263543887
W38837,0.7666408728530201
W38838,0.8816890654620593
W38839,0.08221768716339069
W38840,0.8914093575747315
W38841,0.9497280911963465
W38843,0.6574413497697638
W38845,0.38646755062590155
W38846,0.9423528142565841
W38847,0.8789545223435523
W38848,0.056853000809530145
W38849,0.969205890093434
W38850,0.7645776775942579
W38851,0.5896616815902803
W38852,0.9254432796994778
W38853,0.9360518005714077
W38854,0.11127272739180075
W38855,0.8398487241125613
W38858,0.9373504685555294
W38859,0.1145148987949819
W38860,0.9464067369566391
W38861,0.9434910530423242
W38862,0.9729295616609843
W38863,0.5893586755544433
W38864,0.35696303943749597
W38865,0.7815287897386807
W38866,0.5113106052812696
W38867,0.26442767160087455
W38868,0.6481071329550486
W38869,0.8464833346306726
W38870,0.9467395810564966
W38871,0.24149985382681788
W38872,0.703537714663228
W38873,0.04677370971675062
W38874,0.07214535753116444
W38875,0.770065325716577
W38876,0.9673525350896787
W38877,0.962592411534902
W38878,0.018836782192702684
W38879,0.889960764981251
W38880,0.845654368146744
W38881,0.8619857741514243
W38882,0.8519493564983168
W38883,0.9866163869815934
W38884,0.8640049412885584
W38886,0.9271716756826008
W38887,0.9682155532797886
W38889,0.9871260599357935
W38890,0.849423910940002
W38891,0.06832064879970724
W38892,0.9683615375221334
W38893,0.9103491358256025
W38894,0.9630421094635979
W38895,0.6603471437031052
W38896,0.17286395807814764
W38897,0.6616844020214256
W38900,0.2673999554980348
W38901,0.42613955244647006
W38902,0.7483455817055206
W38903,0.7262695558470957
W38904,0.8104583992687984
W38905,0.9717439902045127
W38906,0.32291758148759553
W38907,0.9307720837222019
W38908,0.5819282533886913
W38909,0.9111991558436029
W38910,0.021315955093724706
W38911,0.751742280010099
W38912,0.8524900575641945
W38913,0.8983737151979261
W38914,0.9274936216407467
W38915,0.9481973226048018
W38916,0.024000202642594337
W38917,0.8401707269520257
W38918,0.7964822682816713
W38919,0.9200966337411475
W38920,1.0
W38921,0.861978120954034
W38922,0.9339237423920288
W38923,0.6264766233215909
W38924,0.8672915554301723
W38925,0.9359760564231036
W38926,0.2746436533452142
W38927,0.9204977926657559
W38928,0.7265659007591391
W38929,0.6650363771117532
W38930,0.3759158940667351
W38931,0.17511965243848943
W38932,0.598769834961163
W38933,0.9367130093479352
W38934,0.022777365450169066
W38935,0.8451818306146003
W38937,0.4934770879197554
W38938,0.09830437452758725
W38939,0.34524323842244786
W38940,0.04666643057118448
W38941,0.7109297925004546
W38942,0.9088580588351155
W38943,0.9313897362339839
W38944,0.0875688456419547
W38945,0.10390564170598661
W38947,0.33719218707330084
W38948,0.9057601508583072
W38949,0.8442330666525375
W38950,0.9505832140649417
W38951,0.8550802937591417
W38952,0.6276086626871885
W38953,0.3773509250277603
W38954,0.8688705660189205
W38955,0.04483276475775143
W38956,0.9302055339856234
W38957,0.5810417869167833
W38958,0.9097286067286237
W38959,0.9499481757712758
W38960,0.8544398729674472
W38961,0.7181392308778127
W38962,0.8399238913967949
W38963,0.19731985798942328
W38964,0.012671233078262302
W38965,0.910469420439052
W38966,0.6192927057129987
W38967,0.9708251472751999
W38968,0.12361006782549658
W38969,0.018659759589637476
W38970,0.7520669224428018
W38971,0.16866882024419033
W38972,0.8502568641523123
W38973,0.0053128360579875345
W38974,0.8535981145016466
W38975,0.39819508530656095
W38976,0.9555733195993056
W38977,0.9614187216330016
W38978,0.8796546580752888
W38979,0.8322316854001828
W38980,0.9364282934385753
W38981,0.7617540039883312
W38982,0.9742302902269839
W38983,0.9390332439270567
W38985,0.404425231136276
W38987,0.7044843762220174
W38989,0.905733904265424
W38990,0.05171435980826808
W38991,0.22200298655634573
W38992,0.26359024628526245
W38993,0.9365879947836392
W38994,0.951346390061843
W38996,0.825066561405241
W38997,0.3270701473777164
W38998,0.3695016846631034
W38999,0.2522720455054337
W39000,0.94564862409604
W39001,0.8431355531146646
W39002,0.35749770453464524
W39003,0.9053965367259332
W39004,0.9430079920806135
W39005,0.9671062731826888
W39006,0.833349374829658
W39007,0.7963574375117888
W39008,0.28661057938387896
W39009,0.9598002024298717
W39010,0.9311845967496282
W39011,0.29752069654268254
W39012,0.9206112462130213
W39013,0.8177137569075699
W39015,0.50696167934533
W39017,0.8517386352399822
W39018,0.4092971299299671
W39019,0.8344383648989607
W39020,0.8172300342097769
W39021,0.8496577131256196
W39022,0.01818528275437205
W39023,0.9404396182298632
W39024,0.883288631673409
W39025,0.8728535176309654
W39026,0.7673881396498384
W39027,0.81318630093406
W39028,0.4890673295910881
W39029,0.8488379384460554
W39030,0.12539224277705222
W39031,0.8946966853821913
W39032,0.06939666957488314
W39033,0.021602820743525996
W39034,0.6519247668250474
W39035,0.6730156439605166
W39036,0.44801953850355447
W39037,0.8891416508457449
W39038,0.9201930990875545
W39039,0.01906386554522264
W39040,0.8888206747530905
W39041,0.23143726594680641
W39042,0.05081454653804646
W39043,0.8068041986578327
W39044,0.6863982734723642
W39045,0.80046197831055
W39047,0.4884806351166363
W39048,0.31978695673804713
W39050,0.6430383311248208
W39051,0.8853507374675377
W39053,0.9183552945713389
W39054,0.8664419073911815
W39055,0.6734370557925918
W39056,0.644961635863362
W39057,0.5904650218983224
W39058,0.9546996329008064
W39059,0.7543625018530421
W39060,0.9437883328488321
W39061,0.9311020366022666
W39062,0.2704376980460199
W39064,0.6211516491106966
W39065,0.9565592008708664
W39066,0.8748916615422672
W39067,0.5862180644803598
W39068,0.09535281641663047
W39069,0.8840558886440718
W39070,0.05286907992515941
W39071,0.8431247069292994
W39073,0.8677928587867687
W39074,0.8109001752424353
W39075,0.8161449668585717
W39076,0.9526458202679959
W39077,0.9807348967538381
W39078,0.8976564598990676
W39079,0.038563340816851116
W39081,0.037654390877465645
W39082,0.060965353852865584
W39083,0.39522105595487655
W39084,0.7651986816305777
W39085,0.7403962880591267
W39087,0.026151488790831953
W39088,0.9469622669374842
W39089,0.8582587944197927
W39090,0.8919304002444683
W39091,0.13655658406489787
W39092,0.6662466674707204
W39093,0.03475982529517514
W39094,0.9082448038604068
W39095,0.36467382884103555
W39096,0.5992112604456612
W39097,0.6606871131155544
W39098,0.19396007880868635
W39099,0.9378653115152009
W39100,0.7986159392784252
W39101,0.9469399719497007
W39103,0.8509067874340531
W39104,0.744471673912451
W39105,0.07183553835662702
W39106,0.630654677647978
W39107,0.03654944993107364
W39109,0.7323730398387062
W39110,0.02197846900500546
W39111,0.36703009795235936
W39112,0.9801215727589476
W39113,0.7830774801632743
W39114,0.8314501548890056
W39115,0.9369429665443528
W39116,0.7444054493469628
W39117,0.9130658298586517
W39118,0.7930921067191714
W39119,0.7275090186974535
W39120,0.9720959200660513
W39121,0.13762214173195633
W39122,0.9332235473155047
W39123,0.21929990669132152
W39125,0.709417015451372
W39126,0.5123282002855938
W39127,0.7437028316849652
W39128,0.8740503842037096
W39129,0.8686872459900132
W39130,0.3228973020485512
W39131,0.8227268869450004
W39134,0.7701095379513274
W39135,0.8329761255333963
W39137,0.888958380744052
W39138,0.9241487145981662
W39139,0.5898135783662873
W39140,0.9394219132416272
W39141,0.9390095917297667
W39142,0.3922918402302057
W39143,0.9424999958797645
W39144,0.8858250401486825
W39145,0.40755521570616543
W39146,0.03920447454355961
W39148,0.15559432898345477
W39149,0.8463836184233856
W39150,0.9595173749728646
W39152,0.0077623957030758675
W39153,0.5488236638994531
W39154,0.9281421586525653
W39155,0.8522833499928711
W39156,0.8215217966437974
W39157,0.32041789667098747
W39158,0.8561506053234565
W39159,0.3265544222983773
W39160,0.5496534150199673
W39161,0.5528259718653696
W39162,0.8775426542467991
W39163,0.9388639667710869
W39164,0.907264225203377
W39165,0.8837259389563437
W39166,0.05107206619995301
W39167,0.9230513827244149
W39168,0.9684651559404279
