cell_id,gene_001,gene_002,gene_003,gene_004,gene_005,gene_006,gene_007,gene_008,gene_009,gene_010,gene_011,gene_012,gene_013,gene_014,gene_015,gene_016,gene_017,gene_018,gene_019,gene_020,gene_021,gene_022,gene_023,gene_024,gene_025,gene_026,gene_027,gene_028,gene_029,gene_030,gene_031,gene_032,gene_033,gene_034,gene_035,gene_036,gene_037,gene_038,gene_039,gene_040,gene_041,gene_042,gene_043,gene_044,gene_045,gene_046,gene_047,gene_048,gene_049,gene_050,gene_051,gene_052,gene_053,gene_054,gene_055,gene_056,gene_057,gene_058,gene_059,gene_060
cell_0000,3,26,2,3,10,21,2,4,5,2,2,36,2,21,0,36,1,86,28,2,5,3,4,13,0,31,2,7,6,11,2,24,3,7,11,20,2,12,0,4,7,19,1,2,1,1,4,0,3,4,1,2,1,1,6,2,8,0,9,6
cell_0001,3,36,1,4,13,18,18,4,5,3,4,48,8,17,2,40,0,89,28,2,7,8,2,13,5,37,0,11,9,10,1,40,5,16,11,24,2,12,1,12,3,13,3,3,2,1,9,0,6,3,2,1,2,1,8,1,7,1,24,6
cell_0002,2,19,2,1,12,25,4,3,3,2,6,39,3,17,0,24,0,66,15,1,5,2,0,7,0,33,3,7,5,5,1,17,2,2,9,22,0,11,1,9,1,7,0,3,2,4,4,0,1,3,1,0,3,0,4,0,8,2,13,3
cell_0003,2,49,2,6,18,41,15,5,5,1,7,56,10,14,0,43,4,100,40,8,15,12,2,16,2,73,5,8,8,17,3,49,2,13,14,34,3,12,2,14,2,30,6,8,0,1,7,1,5,3,2,4,7,4,12,3,7,4,18,21
cell_0004,5,31,1,3,10,29,14,1,4,0,4,68,10,28,0,36,3,76,25,5,12,10,3,9,3,52,5,6,7,8,2,35,4,14,3,32,3,4,4,12,5,20,4,3,1,1,3,0,12,2,0,2,4,1,7,1,11,4,8,11
cell_0005,7,49,2,5,12,17,12,5,4,3,5,41,6,20,1,28,1,68,32,10,7,4,1,20,0,45,2,7,12,5,1,13,5,8,10,27,2,12,1,13,3,16,0,2,2,4,7,2,4,5,1,4,2,1,13,3,3,0,15,5
cell_0006,7,46,4,1,7,19,12,0,3,2,3,45,4,14,0,33,3,71,33,4,7,6,1,12,2,39,1,13,7,11,6,31,3,13,8,33,0,7,0,15,1,23,6,8,1,2,4,1,1,2,1,2,9,1,10,0,7,2,12,14
cell_0007,6,43,4,3,22,49,6,5,5,4,4,46,5,15,3,22,0,102,20,8,15,6,2,14,2,31,0,10,9,12,4,44,5,11,13,49,4,11,2,17,6,29,3,7,1,2,5,1,1,3,0,3,6,1,7,1,7,2,16,6
cell_0008,7,54,2,4,6,26,11,3,4,2,5,31,2,19,2,19,3,47,30,2,9,6,3,15,2,51,3,4,7,11,4,28,1,9,4,25,2,12,0,11,5,16,3,0,0,3,6,1,4,3,0,2,9,1,8,1,17,1,19,7
cell_0009,4,21,4,2,13,31,10,1,3,6,3,25,7,18,0,25,1,42,32,7,6,7,2,12,5,44,1,3,11,7,5,39,5,8,2,32,3,11,2,13,5,28,7,3,1,2,7,1,4,0,0,5,0,0,4,2,8,3,26,8
cell_0010,3,54,3,3,8,27,15,6,7,2,9,48,11,17,0,37,2,71,18,4,11,4,1,14,4,60,5,12,6,9,5,30,7,15,13,35,2,12,0,13,7,22,1,4,1,5,10,0,6,4,3,4,3,3,4,1,11,4,26,6
cell_0011,3,54,4,0,13,35,14,2,7,1,4,51,11,11,4,26,5,37,31,4,8,12,2,12,7,50,4,5,9,15,4,39,8,16,9,35,3,13,0,6,6,23,8,10,1,5,5,1,11,1,2,1,6,1,11,2,9,1,17,10
cell_0012,3,66,7,3,13,27,12,2,6,1,13,48,2,13,1,28,4,42,25,5,8,5,0,14,2,49,4,8,5,8,3,38,9,8,7,39,0,6,3,8,4,25,10,5,0,5,6,1,14,1,0,3,0,0,6,3,12,3,12,13
cell_0013,1,56,3,2,9,19,6,6,3,2,5,30,4,9,1,37,1,43,25,6,8,3,1,14,6,41,5,2,9,17,10,53,6,14,7,49,2,9,2,9,6,19,6,4,3,2,5,0,9,1,0,2,4,2,8,1,8,2,20,8
cell_0014,4,53,0,0,6,20,5,2,8,3,8,29,7,18,3,35,1,50,25,7,13,5,1,19,4,46,7,11,12,14,2,43,5,13,3,86,5,3,4,9,10,28,9,10,2,2,6,0,3,3,1,1,3,2,11,2,8,4,18,5
cell_0015,0,54,1,1,6,25,12,5,2,2,7,19,4,8,1,29,1,43,38,5,8,9,5,15,1,22,4,3,7,16,0,30,5,5,1,35,3,12,7,5,6,18,4,3,1,1,3,2,5,4,2,5,2,1,8,3,6,6,14,4
cell_0016,7,44,4,2,10,22,9,5,2,2,6,26,4,8,1,23,3,46,22,6,5,4,2,16,0,39,3,6,12,11,4,41,7,13,8,56,7,16,1,9,7,15,14,3,1,4,2,1,4,1,0,1,3,1,3,2,8,4,16,2
cell_0017,5,61,2,3,10,26,12,3,4,4,8,24,3,12,1,46,2,29,27,5,8,4,4,16,5,61,3,8,7,12,2,38,4,8,6,35,3,11,3,4,3,30,15,5,1,3,2,4,7,2,3,1,1,1,14,4,18,2,24,5
cell_0018,3,62,8,2,11,22,7,4,6,1,7,20,10,18,4,34,3,42,30,3,8,10,2,22,5,40,9,2,2,7,3,41,7,12,8,54,5,12,5,11,4,9,12,9,1,1,8,2,18,1,3,2,2,2,6,3,5,1,17,12
cell_0019,3,39,1,2,5,16,7,5,2,1,6,32,9,14,1,23,1,28,28,6,7,10,5,17,4,31,4,4,6,13,3,43,6,6,3,33,2,7,3,10,3,7,5,3,1,7,3,0,6,3,1,2,4,0,3,0,5,5,12,5
cell_0020,3,45,2,2,8,18,6,0,4,1,7,10,5,18,1,52,2,18,23,7,7,4,3,18,6,38,2,2,4,13,4,38,8,16,3,58,5,8,3,14,5,31,5,7,1,5,4,2,6,4,3,2,3,0,3,1,8,2,17,7
cell_0021,1,96,4,3,15,27,16,4,7,2,21,29,13,14,3,40,3,28,38,13,11,6,1,22,5,51,8,7,7,9,0,46,13,8,8,55,6,11,2,10,7,14,4,5,1,2,3,4,16,2,2,6,4,1,8,2,8,5,27,4
cell_0022,5,52,6,5,3,31,11,5,4,3,8,15,6,10,2,34,4,46,32,6,5,4,2,17,6,29,3,1,11,12,4,55,4,19,2,79,6,9,4,16,4,24,2,4,1,4,7,0,5,6,0,2,1,1,13,1,14,8,15,3
cell_0023,8,82,2,4,4,25,3,7,7,1,7,27,9,14,1,46,2,37,17,3,12,8,0,27,4,42,1,5,11,14,2,37,4,13,7,67,2,8,4,10,4,18,4,4,3,2,5,2,7,2,0,7,2,0,10,1,13,3,26,5
cell_0024,3,78,3,6,10,22,7,8,2,4,7,36,11,9,2,42,2,49,22,7,8,5,1,40,5,40,1,5,10,19,2,55,13,13,5,67,2,12,1,11,9,18,4,3,0,5,12,1,7,3,1,3,4,0,4,3,11,4,23,8
cell_0025,6,129,5,6,11,23,23,7,5,4,13,33,10,15,1,44,6,48,37,12,10,10,3,41,9,61,2,4,12,22,7,90,5,15,5,119,2,15,6,11,10,36,11,6,4,3,9,0,13,5,2,4,6,3,15,1,16,1,35,18
cell_0026,5,83,4,2,7,29,11,6,2,1,7,23,3,13,1,36,3,31,18,6,7,3,1,17,5,26,3,8,10,9,4,31,6,18,5,47,0,8,0,5,6,25,5,2,0,8,6,4,4,0,1,4,4,0,9,1,10,3,32,8
cell_0027,7,124,1,3,6,18,4,5,3,5,18,26,9,15,3,36,3,33,28,14,12,7,0,26,3,42,4,7,14,19,7,61,12,13,4,95,4,22,3,22,4,24,15,6,1,6,6,0,11,3,1,1,2,3,10,2,17,5,14,13
cell_0028,1,27,3,4,3,18,5,3,4,2,7,18,7,9,1,21,1,38,9,4,4,3,2,20,5,32,5,1,2,9,3,27,3,9,2,43,3,9,2,14,6,12,2,1,0,7,5,2,15,0,1,4,4,1,6,1,3,11,12,3
cell_0029,6,107,5,4,7,26,5,5,4,3,15,27,10,5,1,30,4,31,28,7,4,6,0,22,5,39,10,4,8,11,1,76,5,20,4,100,5,14,3,11,3,32,5,3,2,1,4,0,6,4,1,1,4,1,6,1,15,7,16,8
cell_0030,8,75,1,6,7,19,3,5,3,1,9,10,6,14,0,26,4,12,19,10,9,4,0,24,1,31,2,4,6,6,3,35,3,10,2,48,5,13,1,16,1,18,11,5,0,7,5,2,9,2,2,2,2,1,2,2,5,3,12,7
cell_0031,4,71,2,7,10,26,13,7,8,4,11,30,9,23,1,42,3,23,49,5,7,14,3,23,13,64,5,2,7,11,3,62,6,19,5,100,14,18,2,12,7,25,24,6,1,4,8,3,10,3,1,3,5,3,10,0,16,7,32,11
cell_0032,7,66,7,1,6,18,9,8,9,1,21,23,8,16,2,36,2,26,37,6,10,15,0,22,11,62,5,5,12,21,6,59,9,19,5,107,4,11,1,25,5,16,22,8,2,4,12,2,13,0,3,6,2,0,8,2,10,6,18,5
cell_0033,9,78,3,10,10,27,14,6,8,2,9,28,23,12,0,33,9,38,19,11,20,8,0,40,8,27,4,4,6,27,2,66,8,25,7,183,7,14,8,17,8,30,14,5,0,3,5,1,19,2,2,4,4,0,8,1,16,12,35,15
cell_0034,5,86,4,2,5,23,2,2,4,0,10,18,4,7,2,35,5,28,35,5,6,16,2,13,6,38,5,6,3,13,4,42,5,9,5,84,6,13,5,7,8,21,15,1,1,4,6,1,8,3,3,2,0,0,5,2,5,6,19,2
cell_0035,7,89,2,8,6,20,10,9,5,1,23,34,15,12,1,45,9,28,27,10,6,6,3,29,4,45,6,3,5,28,2,41,10,7,4,115,8,8,3,18,6,28,14,10,1,9,10,2,16,1,0,3,4,1,8,0,12,0,30,5
cell_0036,3,88,1,3,5,14,9,6,6,3,6,20,4,7,2,34,9,12,23,12,10,5,1,19,10,36,1,2,3,13,4,51,12,11,5,103,7,9,7,9,5,19,7,6,2,4,4,5,10,0,1,2,4,0,7,0,16,2,25,4
cell_0037,8,72,1,1,7,11,4,3,1,1,10,24,5,4,2,44,5,11,38,7,7,2,1,14,11,50,6,5,11,13,3,55,7,13,3,98,5,10,7,10,4,22,11,5,2,4,5,5,9,1,0,2,3,0,6,2,12,4,22,3
cell_0038,6,73,1,6,3,23,7,7,6,2,14,23,17,9,1,29,3,29,20,6,10,11,2,22,5,54,5,0,14,14,3,56,4,13,3,106,8,20,4,13,6,25,9,4,1,3,6,4,8,2,2,7,7,4,8,3,13,8,22,8
cell_0039,8,101,4,5,3,32,6,7,6,2,16,25,10,10,1,44,5,17,22,16,3,8,4,37,13,45,8,1,12,23,11,92,13,21,2,110,5,16,9,21,5,31,18,8,4,5,5,1,13,4,2,5,1,2,6,4,18,10,24,5
cell_0040,7,72,2,2,8,14,6,4,6,1,22,20,12,21,0,26,4,17,21,6,4,15,0,29,12,38,3,7,9,10,5,66,5,13,5,129,12,12,6,17,13,27,11,2,3,9,9,5,9,1,2,3,2,0,10,0,9,8,15,6
cell_0041,5,70,2,5,3,15,5,8,6,3,15,13,5,13,0,28,6,18,25,11,3,9,1,14,4,44,6,1,8,16,2,51,6,17,4,80,4,5,5,10,9,25,5,3,3,4,3,4,15,1,0,5,3,2,6,0,13,4,22,6
cell_0042,5,53,1,2,6,15,9,7,1,3,23,18,12,6,3,37,3,9,24,10,2,4,2,22,10,48,7,2,4,19,3,36,5,15,2,130,7,4,7,14,7,24,15,5,1,6,9,3,8,1,1,1,3,2,5,1,5,6,24,3
cell_0043,6,95,4,3,4,14,15,9,3,0,19,33,15,12,2,56,15,19,50,8,7,17,5,29,11,54,10,6,11,23,9,83,4,20,4,150,13,12,19,16,9,36,15,6,3,2,6,8,12,3,3,5,4,1,5,1,17,4,20,9
cell_0044,2,51,4,4,6,28,13,8,7,1,20,20,11,23,0,36,10,16,21,8,7,9,1,39,10,45,9,6,11,18,7,48,7,8,3,124,10,18,8,20,4,38,11,9,2,8,11,4,15,3,3,3,6,1,6,4,8,3,14,7
cell_0045,13,96,5,2,0,38,7,11,8,2,13,22,7,17,1,47,11,21,38,7,14,11,2,23,12,47,2,1,13,25,7,74,7,10,2,138,11,19,10,18,9,20,10,2,4,7,4,7,15,6,3,6,8,0,6,6,15,2,16,6
cell_0046,12,134,2,5,6,32,8,19,7,5,15,29,18,14,0,49,14,20,36,19,10,20,0,46,16,66,6,4,6,24,4,75,9,20,4,232,8,19,18,32,5,43,25,5,2,15,10,5,18,4,0,7,9,1,20,5,20,9,43,5
cell_0047,3,100,1,5,5,10,5,6,3,1,10,12,8,6,0,17,7,10,17,8,6,3,4,21,9,32,2,6,7,16,4,45,3,9,3,107,8,6,2,18,5,34,14,4,2,7,4,4,7,2,1,2,2,1,7,0,16,7,21,6
cell_0048,8,124,5,8,5,26,11,14,5,0,24,36,18,12,3,68,14,17,29,16,8,18,0,45,11,73,10,6,20,37,13,88,14,21,8,315,12,18,13,31,9,41,19,5,2,6,12,4,24,3,3,4,8,0,11,4,26,5,45,9
cell_0049,11,191,11,1,7,29,11,18,7,5,26,36,28,21,1,62,14,32,10,17,16,13,4,74,21,84,17,9,18,17,8,95,16,19,8,298,16,24,13,39,15,76,23,20,6,11,13,15,30,2,5,9,5,0,8,5,24,4,54,7
cell_0050,8,121,3,5,4,23,4,11,3,3,25,24,9,12,1,49,19,13,29,11,19,13,0,26,9,57,14,5,11,30,3,78,7,13,3,154,6,26,22,11,14,31,16,14,2,8,9,5,27,4,0,7,2,1,10,1,13,10,38,7
cell_0051,9,96,5,0,6,7,9,13,5,1,26,29,20,8,1,43,10,15,31,11,11,10,4,28,15,35,6,3,5,23,8,71,3,10,3,174,6,18,12,23,9,34,6,7,1,10,7,4,16,2,3,7,3,1,3,5,11,7,23,7
cell_0052,8,85,4,4,2,23,6,14,4,2,11,12,6,5,1,28,9,19,21,14,8,10,1,32,7,36,7,1,8,7,2,46,2,10,3,92,8,14,7,22,5,18,2,3,0,4,2,6,13,4,2,0,4,1,6,1,14,2,20,7
cell_0053,7,116,3,3,6,28,13,9,11,3,22,19,31,21,2,36,13,12,23,15,17,10,1,36,13,68,5,3,8,33,12,87,2,6,1,152,13,11,11,17,5,26,12,9,7,8,11,8,24,2,1,5,2,1,8,2,22,11,26,9
cell_0054,6,59,3,5,3,9,8,14,0,3,10,14,13,9,3,28,15,9,24,18,8,8,1,29,11,32,2,2,7,9,4,53,7,14,7,112,12,10,8,26,7,36,4,8,0,7,5,5,19,3,0,6,4,0,2,2,17,6,20,4
cell_0055,10,48,1,4,2,24,2,13,5,1,17,12,17,13,4,25,7,15,29,13,3,9,2,24,11,43,12,1,10,24,7,25,3,9,6,165,7,18,10,21,6,30,6,6,4,6,10,3,13,5,1,5,1,0,7,4,13,6,39,8
cell_0056,6,86,2,2,2,17,8,9,3,4,14,14,6,7,1,41,11,17,19,9,12,5,2,28,7,41,4,5,9,20,11,69,3,12,1,115,10,25,8,15,8,18,10,7,0,7,6,2,9,2,1,5,3,0,3,4,13,0,26,6
cell_0057,10,92,3,4,1,19,8,16,4,2,15,19,19,3,1,28,13,9,37,14,8,12,4,33,20,39,8,2,8,30,8,54,8,7,10,203,14,9,11,20,10,29,17,5,1,4,5,6,12,7,0,3,6,1,4,0,11,6,53,3
cell_0058,11,52,4,3,8,16,5,17,8,1,27,14,18,6,3,50,13,22,34,11,17,6,4,42,8,58,11,3,20,32,12,65,10,20,5,163,10,16,15,13,12,24,26,8,1,13,9,7,32,3,3,2,7,1,8,3,15,15,35,6
cell_0059,4,74,6,4,2,9,4,11,2,1,11,15,7,6,0,29,11,8,14,19,10,2,0,26,7,40,5,4,3,19,4,54,8,11,7,95,10,7,9,18,3,27,4,2,2,4,4,7,25,1,2,1,5,1,5,3,17,6,14,6
cell_0060,4,34,5,1,4,20,10,9,2,1,14,16,11,4,1,24,5,17,14,11,9,6,0,29,17,47,5,4,7,12,7,47,6,9,6,197,5,17,12,19,3,16,8,4,0,8,6,6,11,0,1,3,1,0,5,3,12,2,23,1
cell_0061,9,39,7,4,0,19,15,7,3,1,28,15,5,9,4,16,7,12,28,10,4,9,2,15,5,35,10,3,12,12,8,59,6,13,2,178,7,8,11,17,2,21,16,2,1,4,2,5,16,2,3,7,2,0,2,2,7,4,19,3
cell_0062,7,73,5,6,4,21,4,13,6,0,12,10,9,7,1,36,10,15,20,13,4,8,3,50,6,25,5,2,6,15,6,30,1,10,2,189,10,15,9,19,7,24,9,1,1,9,7,4,16,1,3,4,4,0,2,0,15,1,39,4
cell_0063,7,67,1,5,5,13,7,10,6,2,14,11,9,12,3,21,6,8,6,15,14,6,5,22,9,24,5,3,10,14,6,63,5,10,6,169,11,11,9,20,2,19,6,6,2,4,11,13,15,0,1,9,2,0,3,2,9,9,18,2
cell_0064,2,53,2,4,1,15,10,17,1,1,27,7,11,4,1,19,5,17,24,7,11,9,1,29,3,33,10,3,6,21,11,50,3,8,1,115,6,13,8,17,7,34,5,2,0,10,5,5,20,1,0,5,1,1,1,2,8,4,28,4
cell_0065,8,113,5,5,6,17,14,30,4,2,42,13,14,12,0,50,22,13,34,23,11,11,2,25,11,44,9,4,14,40,10,35,2,21,7,322,26,28,12,35,7,51,12,7,4,4,5,7,17,3,1,5,4,2,7,8,12,8,29,6
cell_0066,3,43,1,1,2,19,11,16,6,1,13,6,13,9,3,36,13,10,17,18,10,7,3,21,5,42,8,4,10,26,5,49,4,9,4,172,12,14,13,10,8,24,12,3,1,12,6,4,30,1,1,5,5,1,7,6,15,8,19,2
cell_0067,9,58,5,6,1,23,7,12,5,0,28,8,7,19,2,21,13,14,40,13,11,11,4,49,15,41,6,4,10,18,21,45,9,6,6,206,9,17,7,40,3,36,15,1,4,12,7,4,30,2,0,4,8,0,3,7,23,7,20,5
cell_0068,7,50,2,3,0,22,7,12,2,0,17,9,14,7,0,21,9,9,31,19,8,6,1,42,9,14,3,2,1,29,11,32,4,9,4,171,12,10,4,25,11,20,7,3,2,6,4,4,15,0,0,2,5,1,7,3,7,5,19,3
cell_0069,9,58,2,10,4,33,8,22,2,1,24,6,23,9,1,24,23,11,20,33,3,15,3,28,5,35,7,5,8,29,12,32,4,7,2,183,7,18,5,20,7,30,14,3,3,10,4,6,18,1,3,4,1,1,6,2,12,8,17,4
cell_0070,8,52,3,7,3,7,1,11,4,1,11,6,7,6,0,19,14,7,16,12,8,10,2,18,7,27,6,3,4,12,6,24,2,8,4,145,7,6,9,9,6,17,14,2,2,5,4,5,24,2,1,5,5,0,3,5,11,4,19,3
cell_0071,11,47,0,5,1,17,4,9,2,1,26,6,4,9,3,31,19,8,24,13,6,12,1,25,8,23,8,0,11,21,2,30,3,5,3,165,10,16,4,25,6,21,9,6,2,2,5,8,28,3,1,3,3,2,5,4,12,7,14,2
cell_0072,13,92,7,7,5,15,14,18,7,1,37,26,31,25,1,41,25,14,30,40,12,10,3,58,16,57,8,8,17,41,25,52,3,23,9,265,27,26,15,56,13,19,27,6,1,7,9,14,34,11,1,8,9,2,12,6,30,12,53,5
cell_0073,8,47,4,4,3,12,9,8,2,0,20,10,8,3,0,15,14,11,17,22,3,13,2,21,7,31,9,4,10,19,4,22,2,3,0,176,9,15,12,23,2,25,13,9,0,7,7,15,16,3,2,7,4,1,6,6,14,11,20,1
cell_0074,9,58,6,3,2,20,12,26,6,0,32,10,11,10,2,41,16,16,28,18,7,6,4,47,3,47,7,7,14,57,11,40,2,11,4,237,20,29,13,29,15,43,13,12,4,14,8,21,39,1,4,10,2,2,5,10,25,8,38,4
cell_0075,3,49,3,10,6,20,3,14,7,1,26,7,17,16,3,36,26,15,27,23,16,8,2,28,14,56,10,8,9,25,4,34,4,12,4,183,19,20,11,31,12,21,11,6,0,14,3,18,29,2,0,6,3,3,7,11,15,8,15,5
cell_0076,10,40,3,5,0,16,10,19,5,0,14,5,22,6,1,20,11,13,30,19,13,12,3,30,13,33,6,7,11,22,8,24,6,7,2,194,5,26,10,23,8,29,20,7,0,5,4,20,30,4,5,4,2,3,9,5,9,5,30,5
cell_0077,6,36,0,4,1,12,8,13,1,2,29,6,11,6,1,23,24,10,19,16,7,7,5,22,6,36,6,2,7,24,10,33,1,6,3,188,8,17,8,27,7,30,4,7,4,2,9,6,32,3,0,5,5,3,5,2,11,5,23,4
cell_0078,10,48,2,6,2,16,5,15,6,2,45,13,19,17,3,54,21,13,31,30,11,10,2,49,13,43,11,2,13,31,8,29,4,15,6,185,25,18,11,48,12,22,20,9,4,3,6,13,39,3,4,4,3,0,7,6,18,13,36,5
cell_0079,4,32,2,3,3,11,1,10,3,0,22,7,16,3,6,31,32,12,19,18,11,11,2,22,7,36,5,5,12,27,13,29,4,11,3,186,23,22,13,32,6,29,17,7,0,12,7,7,9,2,2,4,0,1,11,6,19,4,20,1
cell_0080,10,60,5,2,5,21,13,21,4,1,46,9,13,15,2,35,38,16,49,21,19,9,3,47,9,32,8,5,16,21,13,39,2,9,4,277,18,21,14,43,19,41,25,11,2,15,5,19,31,3,1,7,6,1,8,11,15,6,50,5
cell_0081,13,18,1,0,2,13,2,11,3,1,16,5,11,9,1,18,20,2,35,30,4,8,1,37,7,29,7,2,6,18,3,23,8,6,4,116,12,24,9,30,3,20,7,2,0,11,4,20,27,2,1,5,5,2,9,9,17,12,19,5
cell_0082,5,47,2,3,8,11,9,14,6,1,34,9,23,10,0,30,19,14,37,25,14,11,3,47,3,29,7,2,8,32,8,34,2,6,3,239,18,8,7,28,12,19,10,10,3,7,3,13,32,0,1,0,1,2,3,8,13,4,38,2
cell_0083,10,40,1,7,3,17,6,9,3,2,32,14,13,16,1,38,25,12,31,18,11,7,5,48,5,57,6,7,12,39,15,30,5,12,4,151,15,26,5,44,9,29,7,10,1,20,6,16,29,1,1,5,3,3,5,4,17,13,28,7
cell_0084,13,50,4,7,4,16,5,14,5,1,29,12,12,13,1,36,19,8,38,25,6,14,3,40,7,31,3,6,2,21,8,28,3,16,3,222,18,21,13,32,10,25,9,5,1,8,13,14,26,4,1,6,3,1,6,5,16,11,25,3
cell_0085,5,40,6,7,6,14,7,7,1,2,20,4,12,5,1,28,16,8,16,22,7,7,4,33,8,18,5,2,8,15,2,24,0,4,1,213,7,11,0,32,6,26,6,7,0,4,4,16,11,1,1,7,4,0,10,6,13,8,16,5
cell_0086,7,37,1,7,0,17,3,15,2,2,28,4,11,10,3,18,22,9,22,18,3,7,1,29,5,26,5,1,6,20,14,26,5,11,5,206,16,22,12,28,4,28,9,2,1,6,6,26,27,4,2,8,1,1,9,11,5,7,19,1
cell_0087,11,45,2,6,0,13,3,14,1,2,28,10,13,7,2,30,21,4,27,25,10,4,4,28,8,39,7,3,14,28,15,32,5,11,2,160,24,14,6,38,7,26,17,7,1,10,5,13,21,1,3,3,4,1,5,12,5,7,23,6
cell_0088,9,29,4,6,2,12,5,9,2,1,25,3,14,12,1,24,24,6,21,14,17,10,2,36,4,30,4,5,5,25,6,26,1,14,1,187,9,23,6,29,9,13,15,9,1,10,2,17,20,1,1,5,3,2,8,4,15,5,31,1
cell_0089,7,31,3,11,4,10,8,5,2,2,31,6,24,8,4,30,31,13,19,33,13,12,1,40,3,40,3,3,4,30,7,23,7,9,8,251,32,24,18,41,12,20,16,9,2,6,3,14,43,9,0,5,4,1,10,11,6,8,23,5
cell_0090,10,53,1,9,1,9,6,14,2,0,28,10,22,9,2,40,26,8,21,21,14,6,2,32,11,38,5,4,10,20,13,14,9,8,1,195,17,30,10,34,12,51,12,6,1,11,5,17,21,4,0,4,4,0,4,13,14,17,28,3
cell_0091,5,36,1,7,5,17,4,5,2,0,15,4,17,5,0,21,17,6,24,7,4,6,1,28,5,20,4,5,11,11,5,20,3,7,2,93,8,15,6,14,4,15,7,4,0,5,2,7,29,1,0,4,4,0,5,5,9,6,8,4
cell_0092,7,28,1,1,0,10,0,5,1,0,20,6,6,13,2,22,15,5,28,18,3,6,2,30,2,21,5,4,10,26,4,10,3,10,1,120,6,14,8,21,7,18,6,9,2,4,2,11,19,3,0,1,2,2,3,8,7,9,22,2
cell_0093,7,28,1,5,3,8,8,5,3,1,24,5,19,10,1,20,14,3,17,27,6,9,2,19,7,37,2,0,13,22,4,11,4,7,2,215,12,18,5,20,5,12,10,3,2,9,2,9,16,2,1,5,2,1,7,6,16,7,27,1
cell_0094,9,21,6,5,2,21,5,14,3,1,25,8,24,4,4,34,40,9,22,42,13,12,0,41,8,42,4,4,15,25,3,22,8,6,3,288,24,28,5,35,10,31,6,5,4,16,5,15,40,6,0,8,5,2,12,7,15,6,21,2
cell_0095,13,29,2,5,7,17,13,13,7,0,39,11,35,19,3,37,34,21,33,33,10,16,5,58,5,32,8,2,10,41,13,30,6,16,6,267,20,32,4,55,16,33,22,7,6,4,7,23,39,7,2,13,13,1,7,20,26,18,27,0
cell_0096,8,24,2,5,0,16,8,3,3,0,17,8,19,14,1,29,28,11,16,31,5,7,5,27,5,36,10,4,14,30,5,12,8,6,3,150,18,15,10,38,9,22,10,3,1,7,4,13,21,7,1,7,5,1,10,8,8,19,24,4
cell_0097,15,18,1,5,5,8,13,8,2,1,30,5,10,3,2,33,27,11,20,20,11,15,4,41,4,43,5,3,6,13,5,19,4,13,4,234,20,17,12,54,11,16,6,16,1,6,3,18,50,2,0,9,3,0,15,16,13,6,28,2
cell_0098,5,21,2,5,4,6,6,7,3,2,34,8,19,5,1,19,20,3,24,23,8,8,3,31,6,33,2,7,9,15,5,8,5,2,8,187,18,20,4,32,10,9,11,6,3,10,6,9,18,4,1,2,2,1,13,2,8,2,18,1
cell_0099,10,18,3,2,5,14,8,3,1,2,21,9,22,9,1,28,26,10,28,20,10,5,2,30,4,28,5,3,6,11,2,9,4,8,2,186,19,15,9,31,13,22,10,6,3,3,2,9,36,3,1,5,0,1,9,13,7,9,18,4
cell_0100,7,12,2,5,1,12,6,2,1,0,21,7,18,9,1,22,21,10,23,12,5,4,1,19,6,18,4,4,1,17,5,10,2,8,0,119,18,14,10,25,5,12,12,6,0,7,0,10,18,3,2,8,1,0,7,2,8,6,16,2
cell_0101,12,21,1,9,1,11,6,3,1,0,17,5,20,6,3,26,29,10,25,16,12,10,2,27,2,33,7,7,11,37,5,13,10,7,3,109,16,16,13,29,5,19,16,7,1,15,12,11,29,5,1,8,2,1,9,9,13,8,24,6
cell_0102,12,24,2,11,4,11,11,8,1,0,27,11,34,14,2,27,45,14,40,20,9,6,2,39,3,33,7,6,12,23,2,12,6,15,6,138,26,33,5,41,11,19,21,8,2,9,6,15,17,4,3,12,5,1,9,9,17,11,30,2
cell_0103,6,31,1,9,2,8,11,9,1,1,23,4,22,4,0,29,31,12,23,34,15,8,1,27,3,20,4,3,9,42,2,9,7,9,1,227,15,16,5,28,10,20,15,3,1,2,8,13,31,0,3,7,2,2,7,12,14,8,28,5
cell_0104,19,22,1,7,4,18,14,16,6,0,46,10,29,18,0,26,43,10,43,27,9,4,3,46,8,38,3,8,9,37,5,15,14,10,5,200,15,26,4,31,13,20,18,2,6,17,7,22,35,4,3,8,4,0,6,13,15,14,45,3
cell_0105,9,24,1,4,5,12,3,4,0,0,19,10,10,15,4,40,25,11,26,19,5,10,2,25,4,53,5,3,13,40,7,7,2,15,4,173,33,21,6,43,8,29,6,5,2,9,2,14,26,4,4,8,2,0,8,11,19,10,17,3
cell_0106,12,26,1,3,2,9,7,7,3,0,29,10,24,6,5,34,11,11,32,30,6,8,5,25,4,33,5,3,5,23,6,10,8,11,1,172,21,26,6,52,10,21,15,5,6,8,4,6,39,8,3,4,1,2,8,7,11,6,23,2
cell_0107,17,20,1,3,5,9,6,5,2,0,24,8,20,9,3,22,39,13,37,18,13,10,3,37,3,23,9,2,10,31,4,14,9,5,3,160,24,18,12,29,6,13,15,9,3,14,10,15,39,8,1,11,4,1,10,13,16,14,27,0
cell_0108,7,31,1,8,3,7,9,6,4,2,33,8,15,12,4,25,27,8,55,13,9,8,4,46,7,21,2,6,8,36,6,13,6,7,2,292,25,39,14,43,5,25,17,3,6,10,12,13,33,6,6,7,5,2,11,11,12,9,24,1
cell_0109,16,24,2,8,2,11,7,7,5,4,25,15,45,10,5,26,36,12,30,43,16,13,6,41,4,53,2,1,15,44,2,10,8,7,3,254,28,25,10,106,5,31,18,5,8,15,6,9,33,7,2,10,6,0,8,14,11,12,24,5
cell_0110,8,8,3,6,2,3,11,2,3,0,21,13,13,3,1,27,28,11,32,23,3,6,2,29,1,26,9,5,10,24,3,3,4,10,4,188,18,13,5,65,8,9,11,3,4,4,9,12,43,4,2,7,2,1,10,9,11,10,26,3
cell_0111,6,12,1,5,0,9,4,7,2,0,17,9,9,7,2,21,28,4,17,5,7,6,0,13,3,17,3,2,6,14,1,4,3,3,2,95,19,10,2,11,7,12,6,2,1,4,8,4,23,1,1,11,2,1,6,5,4,2,23,0
cell_0112,11,16,3,7,2,6,5,4,1,1,25,9,25,11,2,35,26,13,38,14,8,5,3,36,2,33,2,8,5,25,6,8,14,9,4,200,31,21,4,25,8,21,6,4,6,7,9,19,45,2,1,6,3,2,11,10,13,11,19,1
cell_0113,4,27,1,1,4,9,3,8,2,1,22,6,15,14,2,16,19,5,35,9,3,12,2,32,3,15,3,3,3,16,5,3,7,6,1,206,32,17,7,19,10,13,9,3,0,19,22,16,28,2,2,8,0,3,6,3,13,11,17,3
cell_0114,13,9,0,8,2,10,10,5,3,1,17,13,17,3,2,25,39,7,16,10,5,8,2,31,1,29,2,2,6,18,4,9,7,18,1,275,28,20,13,30,5,28,12,6,3,10,11,11,21,4,2,5,4,1,6,10,17,12,35,1
cell_0115,9,18,1,4,4,11,6,1,2,1,32,7,27,23,9,31,41,5,48,10,16,16,7,33,9,46,1,5,18,26,1,6,13,11,3,208,48,27,6,44,8,25,9,16,3,11,9,15,54,8,2,5,7,1,25,15,15,10,38,0
cell_0116,6,11,3,5,1,7,10,9,1,1,29,11,24,13,2,22,22,13,12,12,8,12,4,14,5,21,1,3,6,17,1,7,4,8,1,92,18,13,4,12,12,16,6,6,7,9,6,7,23,5,3,4,3,1,14,13,4,4,22,2
cell_0117,18,10,5,9,2,16,12,6,1,0,26,7,21,11,1,19,49,15,28,6,11,21,3,26,4,32,4,3,12,29,7,11,12,17,1,256,46,23,6,44,5,26,14,7,8,15,23,10,25,5,0,6,7,1,10,9,27,13,20,0
cell_0118,12,16,3,3,7,10,13,6,3,1,31,24,14,13,2,41,33,12,34,35,14,14,5,37,3,33,4,8,13,21,2,12,9,13,3,213,24,15,14,135,6,25,23,9,5,13,3,15,30,7,1,10,2,2,15,12,15,12,26,3
cell_0119,10,15,1,5,4,18,8,4,6,0,21,18,33,18,3,25,24,8,21,40,3,9,5,26,2,34,3,2,10,17,3,4,7,11,5,128,29,23,10,78,17,31,14,8,7,6,4,6,16,9,2,5,3,3,11,9,12,11,24,1
cell_0120,25,19,1,12,2,12,19,6,4,1,31,4,33,22,4,28,35,7,49,9,7,9,7,28,3,29,2,6,15,20,7,6,15,14,2,216,30,30,7,21,10,31,8,4,7,9,18,9,28,4,3,6,5,1,14,15,12,8,23,1
cell_0121,15,9,2,6,7,18,7,5,1,1,17,11,33,19,0,21,14,4,25,35,8,10,3,34,2,22,1,2,9,13,9,10,10,7,4,181,17,26,9,48,7,22,12,11,4,7,3,3,20,4,1,8,1,1,10,9,17,6,22,3
cell_0122,7,5,0,8,1,11,6,5,2,0,12,18,14,9,1,18,24,12,18,28,6,11,7,25,2,21,2,4,7,13,7,5,3,12,3,181,25,14,5,90,11,6,14,6,4,9,4,6,22,3,3,7,1,1,8,5,10,11,31,2
cell_0123,7,22,0,7,7,12,6,6,4,1,20,19,31,10,0,26,28,6,26,49,8,16,3,48,3,29,4,6,12,30,5,7,10,14,5,229,24,15,4,113,10,29,29,12,4,6,5,10,55,5,0,8,2,3,15,10,14,10,34,4
cell_0124,24,13,1,7,5,15,12,5,1,2,29,13,27,4,7,38,47,13,34,27,3,26,3,39,4,16,0,12,12,30,7,1,10,10,4,143,48,16,12,95,13,24,9,9,6,9,3,9,53,5,4,9,5,1,12,12,17,9,20,3
cell_0125,15,13,4,9,4,11,7,4,6,0,31,2,30,11,4,26,39,13,50,9,19,16,9,31,4,36,0,7,13,26,5,6,7,12,5,239,23,21,5,25,16,20,9,6,4,16,24,10,43,10,2,10,3,2,14,24,14,18,26,0
cell_0126,22,9,1,6,3,12,5,9,5,2,20,3,21,16,2,19,20,10,18,4,11,6,4,35,2,20,3,0,8,23,2,7,12,11,3,224,36,32,8,34,7,12,4,5,4,15,15,9,55,4,0,1,3,0,15,16,19,16,29,0
cell_0127,14,19,5,9,0,18,7,10,1,0,33,20,25,12,5,49,35,14,43,35,7,25,11,38,3,26,1,6,12,7,2,9,5,16,5,212,32,13,5,93,7,29,28,7,5,14,6,17,43,7,2,16,5,2,14,19,32,15,23,5
cell_0128,14,16,3,10,2,14,8,3,1,0,28,3,22,10,1,17,24,2,28,6,6,11,1,27,1,32,4,5,13,20,4,4,8,11,0,140,22,23,1,11,11,21,7,4,6,8,18,13,28,7,3,8,2,0,9,12,8,10,16,1
cell_0129,11,4,3,3,3,5,10,4,1,0,11,13,15,6,3,34,22,6,25,22,4,3,4,16,4,10,1,4,9,21,6,15,1,7,0,157,21,11,6,65,6,14,13,4,7,13,4,7,15,5,3,10,2,2,8,12,10,8,15,0
cell_0130,7,2,1,3,1,4,7,1,0,0,21,4,18,3,3,8,18,5,13,6,7,7,3,26,0,17,3,4,10,22,0,10,6,12,2,49,12,18,4,9,6,9,5,2,2,12,21,8,20,2,1,6,3,1,15,8,7,6,5,0
cell_0131,10,4,1,2,1,6,2,4,2,0,13,3,13,8,1,10,25,7,18,4,6,10,3,18,1,13,2,5,13,20,2,2,5,8,5,132,25,19,8,11,6,14,3,4,4,7,8,12,24,6,1,5,3,1,12,6,12,9,12,1
cell_0132,16,11,1,2,4,10,9,4,1,2,28,5,21,9,4,18,24,12,29,10,12,10,4,38,0,29,4,11,9,24,6,3,16,19,6,225,32,40,8,16,13,12,9,6,3,16,27,20,25,3,1,5,8,1,14,10,18,15,28,3
cell_0133,6,1,1,7,2,11,5,3,2,0,12,11,16,7,3,36,14,5,22,10,3,4,4,26,0,16,3,4,13,11,2,2,12,4,2,136,12,10,3,65,8,14,21,4,2,2,2,8,21,4,0,5,2,0,12,12,9,12,20,5
cell_0134,8,4,1,5,1,6,6,2,1,2,17,4,16,22,2,15,25,7,15,4,6,16,3,34,1,23,1,10,9,27,1,1,4,10,6,175,32,29,3,6,9,17,5,12,4,2,26,4,32,6,0,11,2,0,15,13,10,5,23,0
cell_0135,10,19,2,4,7,23,13,5,4,0,36,30,34,20,2,79,59,21,38,38,7,13,9,54,5,33,5,7,13,50,7,4,15,20,4,316,69,15,10,140,14,21,33,15,6,15,9,12,56,4,1,14,6,2,19,19,37,20,35,9
cell_0136,11,7,4,2,4,13,12,8,2,3,21,8,25,11,6,23,44,16,35,5,6,11,0,20,3,30,4,4,9,25,6,1,10,28,3,145,24,45,8,18,5,17,3,12,5,12,40,9,38,5,3,9,4,2,17,19,27,16,30,1
cell_0137,16,4,3,13,2,19,4,9,5,1,32,8,40,5,6,25,43,11,36,7,9,16,2,27,3,23,4,8,15,29,6,4,11,15,1,232,23,22,5,22,11,27,10,14,9,13,59,6,42,9,3,18,3,1,17,28,24,12,34,0
cell_0138,9,5,1,1,4,5,9,4,4,1,25,3,23,4,0,12,25,5,18,0,8,9,3,27,0,10,2,2,9,8,6,4,9,8,4,169,17,19,8,12,11,8,5,3,4,11,25,4,34,5,4,7,0,0,10,4,9,4,24,0
cell_0139,3,2,1,5,3,11,5,4,1,0,15,4,15,12,1,2,11,5,11,2,5,8,1,21,0,12,3,2,8,15,3,2,2,8,0,108,14,7,6,15,3,19,4,9,4,3,23,4,19,2,3,2,1,0,1,10,10,7,10,0
cell_0140,23,13,4,3,2,12,6,9,4,1,23,3,32,24,2,38,32,12,25,2,9,10,6,51,3,35,1,13,11,28,2,2,5,19,3,232,24,43,8,14,9,30,5,17,3,18,55,9,38,2,3,14,2,3,18,10,9,12,31,0
cell_0141,14,10,0,8,2,8,7,3,3,0,12,2,20,10,5,7,15,4,9,0,8,9,3,23,0,23,1,5,9,11,2,4,6,11,4,103,27,12,2,12,4,9,4,11,2,7,38,6,14,3,1,10,0,0,16,7,11,4,23,0
cell_0142,5,8,1,13,0,5,5,3,1,1,29,5,14,10,7,16,24,4,18,1,5,12,1,33,0,16,2,7,12,20,2,6,6,10,4,110,31,29,7,18,8,15,6,6,5,7,37,9,25,4,2,7,6,0,10,8,20,3,22,0
cell_0143,8,7,1,8,4,12,4,6,1,2,20,15,34,8,5,38,14,2,29,29,4,12,5,27,3,26,1,2,14,22,4,1,9,11,2,159,17,8,8,123,9,15,30,6,5,12,5,11,19,3,5,16,2,3,21,17,11,9,26,2
cell_0144,10,4,2,6,3,4,4,4,4,2,16,4,21,6,2,8,25,3,20,1,14,7,3,13,1,16,0,4,6,19,3,2,5,3,1,122,27,20,2,7,7,9,2,6,6,5,42,3,28,1,3,6,1,3,10,8,7,6,19,0
cell_0145,25,8,2,16,5,12,6,9,2,3,23,29,27,13,1,83,39,8,23,31,2,14,2,34,2,19,3,11,10,29,3,3,12,27,4,221,22,10,9,123,4,26,34,11,3,13,4,13,37,13,3,17,4,4,34,12,18,14,30,4
cell_0146,16,9,1,13,4,17,13,5,2,3,33,26,32,13,6,78,24,4,26,36,2,7,4,35,2,20,2,10,18,28,3,0,9,24,4,267,26,8,11,147,13,17,39,9,7,10,10,11,43,4,2,7,0,6,30,17,13,14,37,4
cell_0147,15,5,1,3,1,13,13,7,2,2,40,4,28,12,2,13,30,5,14,4,15,20,6,38,1,8,5,9,9,38,1,3,3,12,5,180,28,29,7,16,7,24,4,11,5,5,56,3,34,11,5,20,2,1,19,13,15,10,27,0
cell_0148,5,7,0,3,0,10,7,4,0,1,26,5,28,10,1,5,23,14,22,2,12,11,1,30,1,18,1,5,14,14,2,1,7,10,5,101,23,25,2,12,5,13,5,4,2,13,58,5,34,11,3,9,1,5,12,11,11,6,28,0
cell_0149,13,8,2,7,2,5,8,7,2,0,34,17,24,10,1,38,25,8,22,23,1,8,4,23,4,17,2,3,9,18,3,2,5,9,7,98,18,6,5,118,11,13,17,6,6,7,4,5,26,7,6,14,3,2,36,17,11,8,24,3
cell_0150,4,3,6,6,1,6,7,6,1,0,14,4,11,9,3,2,11,6,21,1,18,7,3,19,0,8,3,4,14,15,4,0,11,16,3,109,17,8,4,7,6,9,5,9,3,9,87,3,20,1,3,4,2,0,10,7,5,7,15,1
cell_0151,13,1,2,6,3,8,7,11,3,3,13,2,21,6,4,12,8,9,30,3,13,9,4,33,1,13,0,5,5,15,1,3,6,11,3,113,31,26,4,8,6,13,1,3,3,5,55,3,20,3,3,7,4,0,19,5,10,9,19,0
cell_0152,14,1,1,7,2,3,6,2,5,2,23,2,28,2,5,16,21,11,11,0,17,16,4,24,3,14,0,11,6,17,3,0,7,7,2,129,27,24,3,10,2,9,2,6,3,11,56,7,20,4,3,12,2,1,14,9,11,6,26,0
cell_0153,3,1,1,6,2,14,3,2,1,1,14,2,16,7,6,5,15,1,14,1,17,11,1,20,0,7,1,2,6,11,1,1,7,8,3,104,25,16,3,12,5,7,2,1,3,7,53,1,24,5,4,14,6,3,6,14,7,4,22,0
cell_0154,7,6,1,8,3,18,8,9,1,0,15,24,16,16,3,84,19,9,26,34,4,12,8,15,0,17,0,5,13,16,4,4,9,29,4,167,11,8,7,93,4,11,34,8,1,15,4,8,17,5,1,10,3,6,20,13,12,8,14,5
cell_0155,7,4,1,15,4,1,4,8,0,1,23,22,17,5,1,61,22,2,14,9,4,4,6,17,0,6,0,4,6,21,4,0,9,11,1,96,10,4,3,56,5,8,21,10,0,4,2,5,19,4,2,12,1,2,23,7,14,7,18,3
cell_0156,9,3,1,7,5,7,5,7,4,2,16,19,16,7,2,58,19,10,19,15,3,9,1,26,2,14,1,4,15,17,1,1,5,10,8,96,9,2,4,132,4,7,20,3,2,3,5,6,22,5,4,6,2,6,45,12,11,7,19,3
cell_0157,12,0,1,5,1,6,4,2,0,0,7,15,12,1,3,65,10,6,9,13,1,9,2,11,2,5,2,1,5,8,3,0,5,5,6,51,4,2,2,67,5,5,16,7,1,6,1,3,13,5,0,8,3,1,25,6,10,10,21,3
cell_0158,15,2,3,8,7,6,9,5,2,1,28,18,31,9,2,68,19,3,19,16,6,12,4,26,1,8,0,2,7,25,1,2,14,21,8,119,5,4,7,120,6,11,26,6,3,16,3,6,41,9,4,13,3,6,32,9,14,9,25,7
cell_0159,10,4,1,13,5,8,3,3,6,4,20,26,26,11,5,83,23,4,20,18,1,19,8,27,2,14,1,2,3,15,3,2,6,17,3,107,7,3,7,180,6,18,34,4,2,14,4,4,21,7,5,18,3,4,28,14,12,8,38,6
cell_0160,12,2,2,13,1,16,7,8,2,2,26,32,32,15,2,106,22,4,21,18,2,14,5,25,2,10,3,6,14,15,9,0,8,6,6,100,7,7,3,149,8,13,17,11,1,23,3,3,21,10,1,14,4,2,41,11,11,10,27,3
cell_0161,12,5,2,20,1,13,20,6,3,6,45,31,45,25,5,137,39,5,29,23,6,20,7,39,1,15,1,5,18,33,7,1,17,29,13,158,21,3,10,143,19,19,40,13,9,15,5,9,42,16,2,17,3,9,83,27,28,21,56,7
cell_0162,17,3,1,11,2,10,6,6,7,1,10,0,21,12,3,10,22,6,22,3,23,21,3,20,1,9,2,7,6,11,5,4,9,26,6,131,40,26,3,8,1,15,3,9,1,12,260,5,26,4,7,15,4,2,10,3,8,12,20,0
cell_0163,8,1,1,10,1,9,2,9,2,2,14,2,10,5,4,4,7,5,13,1,13,16,6,13,2,10,1,5,11,9,2,1,10,8,7,82,54,15,6,5,1,3,2,7,1,2,104,4,9,5,1,6,4,0,13,7,20,6,19,1
cell_0164,15,2,2,13,2,12,13,8,6,2,48,3,48,12,8,18,19,9,34,0,45,13,8,34,2,17,1,9,18,20,6,3,11,25,16,118,64,20,3,20,7,12,2,9,4,5,208,5,19,16,7,17,10,2,17,11,11,12,36,0
cell_0165,8,5,1,9,0,13,7,4,6,1,20,2,25,4,0,6,11,5,15,1,18,12,0,9,0,4,0,9,6,11,4,0,3,12,6,90,21,14,2,5,3,4,3,4,5,6,103,3,7,6,3,11,0,1,13,8,15,8,16,0
cell_0166,12,2,2,16,2,6,7,3,4,3,28,2,20,12,5,6,15,2,23,0,24,17,5,16,0,8,0,5,18,18,2,0,14,17,12,90,38,22,12,15,6,8,0,13,4,6,200,5,10,6,5,10,6,0,14,16,13,9,30,0
cell_0167,8,1,1,12,2,19,9,8,6,3,32,22,29,13,4,133,22,3,26,27,1,12,5,29,1,10,2,10,14,9,5,4,9,16,3,103,2,4,8,108,5,8,21,4,9,21,7,4,28,9,1,12,1,5,49,7,10,4,31,2
cell_0168,6,2,2,9,1,8,3,5,1,0,15,1,12,11,2,7,18,1,26,2,19,6,1,15,2,5,2,11,11,11,7,0,11,7,6,45,31,12,5,3,4,7,2,3,3,1,96,1,20,4,3,10,3,1,11,12,6,5,13,0
cell_0169,17,6,2,9,0,8,6,6,8,0,22,2,12,15,3,10,20,5,23,1,41,15,5,19,2,6,1,9,9,15,6,3,17,15,12,77,37,19,6,12,12,11,1,14,3,6,145,4,14,12,6,8,2,1,15,16,16,3,31,0
cell_0170,1,2,0,10,5,3,5,11,1,0,18,25,37,13,3,99,18,4,23,20,2,18,7,22,1,11,1,8,10,9,4,2,4,21,5,56,4,3,3,145,4,4,29,6,2,18,4,5,19,7,2,15,3,8,58,13,5,6,21,4
cell_0171,17,3,1,9,0,7,6,9,5,0,14,3,27,8,6,12,19,8,17,1,49,17,1,14,1,10,0,9,6,12,3,2,5,4,8,82,55,17,2,4,8,9,1,7,1,6,183,6,17,7,7,15,4,2,15,13,10,5,42,1
cell_0172,7,1,0,5,0,6,9,2,5,1,15,1,10,6,5,10,9,1,17,0,26,15,2,17,1,4,1,4,14,10,2,1,10,6,9,48,34,20,2,5,4,13,2,7,3,4,123,3,13,7,3,14,3,1,13,8,8,9,21,0
cell_0173,1,2,2,8,4,12,11,7,3,1,37,40,22,15,4,111,19,3,23,17,3,19,10,29,1,7,0,9,10,10,3,2,8,37,8,57,7,3,5,137,15,15,25,9,2,33,8,2,20,10,3,19,3,7,56,14,14,20,19,2
cell_0174,11,2,1,4,1,10,4,9,5,1,10,1,24,11,2,3,9,5,21,0,25,16,5,15,1,7,1,5,8,11,3,2,15,9,7,57,30,19,2,4,6,6,1,6,4,6,133,5,7,6,4,12,2,1,14,9,14,5,13,1
cell_0175,6,2,0,9,0,3,1,8,1,2,18,2,12,9,6,4,10,1,9,0,17,13,3,17,0,4,0,3,9,3,4,0,3,7,6,63,30,21,3,1,1,4,0,5,3,2,100,3,9,3,4,4,2,1,12,6,13,6,19,0
cell_0176,13,6,1,8,2,16,3,13,3,3,21,2,21,7,4,15,11,7,40,2,35,33,3,19,1,7,0,3,21,20,7,1,16,7,9,53,51,24,4,10,17,7,2,6,8,7,280,5,13,26,4,17,4,1,23,13,10,11,24,0
cell_0177,8,1,0,8,0,10,10,3,2,0,20,3,29,16,7,6,12,6,17,0,28,15,3,14,0,6,0,9,9,8,2,2,10,9,6,48,32,19,4,5,4,8,2,7,2,2,180,7,10,7,0,11,5,0,12,8,7,4,25,0
cell_0178,6,5,3,8,0,7,10,6,2,1,24,0,26,14,5,3,12,7,34,2,26,17,6,20,0,7,1,5,12,5,4,1,11,7,6,45,40,19,1,13,11,2,0,2,5,4,140,3,9,3,3,18,4,1,10,13,7,14,26,0
cell_0179,10,2,2,14,0,5,10,6,7,1,36,0,24,14,5,11,15,7,46,3,31,26,5,23,0,11,1,16,26,19,7,2,28,13,6,67,57,22,4,8,13,13,4,7,1,3,311,1,12,12,9,25,3,0,23,7,13,17,39,0
cell_0180,1,3,1,9,2,15,12,11,3,4,27,34,33,3,6,162,13,6,29,22,1,16,3,25,0,5,0,9,15,17,6,1,8,39,12,80,2,4,7,177,11,13,32,6,5,34,4,4,16,20,4,21,4,22,62,9,23,7,19,5
cell_0181,1,2,3,5,5,4,7,11,2,1,28,24,19,6,3,95,14,1,17,21,6,17,7,11,0,12,4,8,20,15,3,3,9,37,7,65,9,1,9,129,6,7,18,5,2,25,9,4,16,11,6,9,1,10,99,12,5,9,25,3
cell_0182,16,1,1,11,0,7,6,9,9,2,25,2,21,4,7,10,19,2,23,1,40,23,14,13,0,7,1,6,7,28,7,1,12,8,9,69,60,31,5,6,12,8,1,5,4,2,206,4,30,19,7,15,2,0,11,15,13,7,32,0
cell_0183,1,1,3,9,6,3,4,4,5,1,15,22,16,13,7,77,8,1,14,10,7,4,3,17,1,3,1,5,6,10,4,1,9,31,7,49,2,3,4,92,15,7,14,9,2,29,2,4,8,11,0,17,4,4,66,9,6,10,21,5
cell_0184,0,0,1,13,3,6,9,9,5,1,13,29,22,22,3,121,8,0,35,9,4,12,7,9,0,6,0,7,17,14,4,4,5,61,10,33,6,1,2,91,12,12,21,3,2,27,6,1,19,13,8,10,2,16,64,11,18,12,36,2
cell_0185,4,4,3,10,10,8,7,4,8,0,28,22,18,24,7,159,20,2,20,10,0,19,4,22,0,7,0,8,13,13,3,7,12,41,11,67,5,2,8,140,22,8,18,4,5,14,7,3,14,15,2,18,1,13,100,16,11,10,31,3
cell_0186,1,1,2,9,4,5,6,3,5,0,24,25,26,10,5,130,6,6,27,23,3,17,13,7,1,6,1,16,12,13,12,3,12,49,12,75,4,1,2,91,15,13,14,4,5,32,6,1,24,16,3,25,5,12,57,7,12,7,20,5
cell_0187,11,1,1,7,1,5,13,3,2,1,8,0,14,15,4,4,12,6,21,0,39,14,4,13,0,10,2,8,5,4,3,0,7,6,13,41,44,14,1,8,14,12,1,10,2,0,209,1,9,11,8,6,0,1,5,4,8,2,18,0
cell_0188,0,2,2,1,4,3,4,2,2,1,14,12,10,3,3,50,5,2,10,7,2,5,2,15,0,3,0,5,3,8,3,0,3,17,8,35,1,1,4,26,4,2,11,2,0,11,3,2,5,6,1,6,1,2,27,4,5,4,8,1
cell_0189,1,2,2,5,5,11,16,3,7,3,28,36,18,8,12,105,5,2,25,15,0,21,2,14,0,4,0,8,4,6,8,3,8,52,10,58,3,1,4,73,14,18,27,6,1,26,6,2,8,13,3,14,2,9,66,4,11,7,33,2
cell_0190,0,3,3,11,1,10,6,5,7,0,24,29,17,9,6,81,12,2,28,10,2,18,7,12,1,3,1,9,11,12,3,0,9,45,10,43,4,0,1,82,6,15,8,7,4,21,4,1,22,9,5,11,5,7,52,6,5,6,20,1
cell_0191,5,1,1,7,1,6,8,3,6,2,26,1,18,8,3,3,5,2,13,0,26,18,6,17,0,4,1,7,11,3,3,0,6,5,4,44,49,16,5,8,20,8,1,7,1,1,172,5,8,12,5,11,2,0,13,8,10,12,11,2
cell_0192,0,2,1,9,2,4,4,6,10,0,29,33,12,7,5,100,10,4,14,15,2,21,3,18,0,6,1,8,17,18,7,3,6,77,15,45,6,1,2,95,24,4,29,6,2,21,6,1,11,15,5,13,3,12,74,16,18,9,19,2
cell_0193,8,0,1,8,1,8,4,9,10,1,26,5,15,10,4,2,14,4,15,2,48,22,6,12,1,12,1,10,10,10,1,1,8,7,9,40,34,16,5,7,14,7,2,12,2,2,275,3,18,17,5,17,3,4,20,7,9,8,20,0
cell_0194,0,6,2,7,9,5,12,3,7,1,14,11,13,9,7,65,10,1,19,15,1,13,11,14,4,5,0,5,9,7,0,8,8,62,9,30,4,4,7,63,17,9,20,5,3,17,8,1,13,16,4,17,4,8,85,4,9,10,34,3
cell_0195,0,7,1,3,3,6,8,2,6,0,25,12,8,7,4,52,6,3,18,5,3,17,7,7,0,2,1,7,6,5,4,0,5,51,9,25,1,1,2,55,10,3,8,0,2,23,8,1,4,10,0,10,5,9,40,6,7,6,20,2
cell_0196,6,2,1,6,2,4,3,4,8,1,25,0,7,2,6,10,9,2,23,0,42,9,6,10,1,1,2,9,17,7,6,1,3,9,10,38,30,11,7,6,10,2,1,8,2,1,151,2,8,17,3,11,4,1,9,8,1,3,14,0
cell_0197,19,0,0,9,0,7,6,4,7,0,19,0,17,8,10,8,5,2,23,0,39,9,8,17,0,1,0,15,13,7,4,0,6,11,9,37,56,12,3,7,16,7,3,10,1,4,197,4,10,22,0,19,1,1,10,6,11,16,20,0
cell_0198,7,3,2,5,2,3,7,4,7,1,14,0,13,9,12,7,6,1,14,2,43,14,5,18,1,4,1,8,6,6,5,1,6,5,13,34,22,19,6,9,10,11,1,10,2,4,184,2,8,11,6,12,1,2,11,12,3,4,29,0
cell_0199,1,4,2,5,9,4,6,5,10,2,16,39,13,11,5,129,12,4,19,8,4,18,1,11,0,4,2,14,9,5,4,5,9,67,5,30,3,2,7,61,12,14,16,1,1,29,5,1,16,14,3,14,3,12,77,11,11,12,33,3
cell_0200,7,1,0,5,1,4,5,2,6,0,18,2,19,6,4,3,6,0,15,0,68,23,3,5,2,4,0,9,19,6,1,0,11,5,16,33,38,20,4,6,18,3,0,8,1,1,236,1,17,13,6,16,1,1,8,6,13,7,21,0
cell_0201,7,2,0,6,0,6,7,4,6,0,29,2,24,14,5,3,8,5,23,0,41,21,0,10,0,5,2,8,13,5,3,1,6,9,17,40,57,9,4,3,13,2,2,11,3,2,279,2,9,17,5,16,2,1,12,5,8,6,35,0
cell_0202,13,2,1,11,2,7,7,8,11,1,27,1,13,17,4,2,10,1,28,1,40,22,4,17,1,6,2,13,8,6,5,0,6,8,7,41,74,12,2,7,10,11,1,11,0,5,212,2,10,21,2,21,1,2,8,5,17,4,24,0
cell_0203,13,2,0,12,1,8,5,5,6,2,22,0,19,13,4,6,10,3,15,1,53,16,8,13,2,2,0,3,13,5,5,0,3,4,15,27,26,14,4,2,16,6,1,13,2,1,185,3,9,11,6,20,0,0,13,7,8,10,13,0
cell_0204,19,4,0,13,1,3,5,2,6,0,22,1,21,11,4,3,6,3,15,0,56,24,3,13,0,3,2,16,8,6,6,2,7,6,16,26,38,19,4,7,16,6,0,15,4,5,291,0,10,21,5,19,2,0,13,8,3,7,23,1
cell_0205,13,6,0,8,1,6,9,4,13,1,31,2,27,13,9,2,12,1,25,1,50,20,5,13,0,5,2,11,12,5,4,0,4,7,18,50,53,14,4,8,17,7,0,4,5,5,314,0,12,24,5,18,0,0,10,10,11,3,24,0
cell_0206,8,3,0,4,0,5,3,0,4,0,26,0,17,10,2,5,5,3,25,0,29,13,2,17,1,4,1,8,10,4,3,1,4,6,15,29,17,13,7,0,14,3,0,16,2,2,132,3,11,20,4,14,2,2,5,7,6,3,12,0
cell_0207,14,4,1,5,1,10,7,6,8,3,28,3,6,16,9,3,14,3,21,0,56,12,6,11,1,4,3,15,14,8,5,0,17,8,16,31,44,21,4,3,10,6,0,18,7,2,288,5,8,9,7,16,6,2,13,5,8,10,13,0
cell_0208,7,5,0,7,0,12,7,3,4,2,20,0,19,16,9,8,7,1,21,0,64,15,9,7,0,3,0,11,8,3,6,0,3,6,20,49,33,14,2,8,14,7,0,14,3,2,267,2,10,17,8,19,4,1,10,14,4,5,14,0
cell_0209,8,3,0,4,1,5,8,2,5,1,22,1,9,15,7,8,1,2,25,0,54,18,5,15,0,4,0,8,12,7,4,0,10,4,9,25,35,19,5,2,15,3,2,13,3,2,221,2,8,12,5,12,0,0,6,9,6,5,23,0
cell_0210,10,5,0,2,1,5,7,0,8,3,10,1,13,7,6,3,6,1,25,0,33,18,7,5,3,5,0,4,14,2,4,1,11,7,20,34,29,10,4,2,6,2,1,14,3,2,259,0,9,10,6,15,4,2,10,5,5,5,16,0
cell_0211,8,4,0,3,0,6,9,3,15,1,38,1,12,8,9,2,3,1,18,0,59,16,11,12,0,4,6,15,7,4,5,1,4,5,26,36,36,19,2,2,9,6,0,11,2,1,299,2,20,23,1,13,1,0,5,7,5,10,13,0
cell_0212,9,6,0,6,0,2,10,4,9,2,21,3,22,9,6,2,6,4,9,0,53,19,4,20,0,4,3,17,12,4,4,1,2,6,22,26,65,23,4,7,14,2,2,24,3,1,297,3,9,30,4,10,3,1,13,7,6,8,23,0
cell_0213,0,2,0,2,3,4,5,1,5,0,19,22,5,5,6,58,9,2,12,6,4,17,3,7,1,2,0,11,12,5,2,6,8,68,5,14,1,2,4,46,10,7,10,1,8,22,7,2,15,18,3,11,3,15,87,6,5,4,16,2
cell_0214,0,0,2,5,8,4,8,1,10,4,14,18,9,13,2,102,8,3,17,7,3,20,3,9,0,0,1,17,6,3,6,7,5,86,6,15,4,2,7,49,8,8,14,2,10,18,3,6,13,26,9,20,4,26,54,4,2,7,15,2
cell_0215,0,0,0,8,5,5,6,1,14,0,20,22,8,9,5,80,5,1,12,10,1,25,5,12,3,2,1,17,10,3,6,8,2,149,4,15,2,1,6,69,18,16,3,3,2,41,8,1,11,22,5,13,1,24,93,9,2,10,10,2
cell_0216,0,2,1,8,2,3,7,2,15,1,15,26,11,20,7,60,3,0,13,6,1,27,4,10,1,2,0,19,10,4,1,6,4,73,9,21,1,3,5,32,16,9,8,4,8,19,5,0,6,16,4,9,2,16,86,0,11,3,4,12
cell_0217,4,7,0,5,0,4,0,1,6,0,32,2,10,9,4,5,4,0,20,0,43,15,3,18,0,1,4,17,7,6,3,1,4,3,18,10,27,11,4,3,5,3,0,8,0,0,235,0,10,26,5,14,1,1,4,7,3,7,15,0
cell_0218,4,9,1,2,0,6,3,3,11,2,18,0,12,7,1,3,0,0,7,0,30,15,4,9,0,1,2,15,7,1,1,3,6,0,21,23,12,24,2,6,8,3,3,17,1,3,158,2,4,20,4,9,1,2,9,10,6,5,12,1
cell_0219,0,2,2,4,5,3,9,0,10,0,20,18,9,8,4,69,3,1,26,9,1,21,2,11,2,5,0,22,17,4,5,6,2,91,5,21,0,1,5,36,13,10,3,0,6,27,5,3,6,12,4,17,3,10,68,5,2,4,4,1
cell_0220,4,3,0,3,0,7,5,1,4,1,16,3,8,10,2,3,3,5,6,0,35,21,4,6,0,1,2,10,6,2,3,1,5,7,15,11,19,11,4,2,11,3,1,4,4,0,157,0,3,13,4,9,0,0,9,5,5,4,16,0
cell_0221,0,2,1,2,4,4,8,1,0,0,24,20,17,7,7,71,2,3,13,7,4,19,4,5,1,4,0,13,9,4,3,9,2,84,11,23,1,4,5,39,9,12,5,2,8,34,2,0,7,25,6,3,1,21,106,6,5,9,12,7
cell_0222,10,10,0,8,0,3,14,1,5,0,19,0,13,9,8,2,6,0,13,0,62,20,6,5,1,0,2,34,2,1,3,0,5,4,29,13,32,9,4,4,15,0,1,16,2,2,179,0,8,18,7,13,0,2,10,5,6,3,16,0
cell_0223,0,1,2,1,5,6,6,2,6,2,19,17,9,10,3,67,2,2,7,8,2,29,4,8,0,3,1,13,8,3,9,17,2,61,7,23,1,1,3,42,13,7,9,2,8,25,5,1,10,17,11,10,2,22,61,3,6,4,6,7
cell_0224,6,7,0,7,0,3,7,1,12,0,29,0,9,5,4,1,2,3,26,0,80,26,3,14,2,4,3,29,12,2,2,1,6,5,36,30,33,21,3,6,21,2,1,21,1,1,269,0,9,13,3,12,4,3,18,14,1,5,20,1
cell_0225,0,1,3,4,8,3,6,4,7,1,14,17,12,6,9,77,1,3,12,7,2,25,7,14,1,2,1,12,7,1,7,11,8,100,5,17,1,1,7,51,9,16,11,2,8,26,9,0,10,31,7,11,4,13,88,2,5,11,6,2
cell_0226,9,4,1,4,1,1,5,3,3,0,19,1,2,7,5,3,8,1,12,0,47,8,3,5,2,6,0,16,9,4,2,1,3,5,14,14,17,10,6,6,12,1,0,14,2,2,158,0,6,20,4,11,5,2,11,9,5,4,13,0
cell_0227,0,0,0,1,3,3,8,1,10,0,19,12,11,9,1,46,1,1,15,2,1,18,8,12,1,4,0,20,14,1,12,17,3,83,4,12,1,1,3,44,13,14,8,0,15,15,1,0,5,21,2,7,2,26,64,3,9,4,6,1
cell_0228,3,5,0,3,0,2,11,0,9,1,20,2,7,14,2,3,4,0,10,1,52,20,4,10,2,2,2,14,8,2,1,2,1,5,22,18,18,20,8,3,7,3,1,5,2,1,188,1,8,8,5,9,0,0,9,8,1,14,19,0
cell_0229,15,7,0,7,0,4,3,1,8,0,37,1,15,16,9,3,5,5,13,0,71,35,11,17,3,2,3,7,10,1,3,3,3,3,39,13,36,13,4,5,10,1,0,12,1,3,439,0,7,14,7,14,1,0,11,6,5,7,12,0
cell_0230,3,17,0,2,1,1,9,5,7,1,25,0,8,15,4,4,2,0,10,0,79,23,10,5,3,7,5,16,10,2,3,2,7,3,29,16,32,16,9,2,8,3,0,12,1,0,211,2,3,16,3,13,4,0,7,9,1,5,19,0
cell_0231,0,1,1,9,10,5,5,3,10,0,20,30,15,11,7,104,5,2,13,13,2,35,2,13,3,4,1,18,18,5,17,13,6,111,12,18,2,3,19,100,19,18,18,3,19,28,6,2,6,44,10,21,2,23,140,2,7,10,9,5
cell_0232,13,12,0,5,0,3,14,1,10,2,35,0,11,24,14,4,1,0,14,1,99,39,14,12,3,4,7,34,6,6,4,2,5,9,43,24,35,20,5,4,15,5,1,19,1,1,308,2,10,14,11,18,2,0,4,20,6,4,18,1
cell_0233,0,1,5,9,9,2,14,4,8,0,35,29,7,6,6,126,2,6,12,13,3,46,4,15,0,9,0,30,13,7,8,23,8,111,15,19,2,1,9,87,22,10,14,2,18,36,4,3,5,44,3,16,3,21,165,7,8,6,15,6
cell_0234,0,4,4,12,9,7,10,4,3,1,29,21,32,24,8,87,10,1,9,14,6,30,3,13,4,12,0,36,13,4,13,21,10,100,10,22,4,4,7,65,12,28,13,3,19,34,1,3,12,52,7,20,3,25,126,7,9,13,2,6
cell_0235,0,0,2,6,6,4,7,0,5,2,18,12,3,6,6,49,3,2,9,8,1,23,2,9,1,4,0,25,10,0,9,22,0,45,7,5,1,1,2,34,6,8,3,2,14,16,3,1,9,27,3,17,0,15,64,4,2,5,2,1
cell_0236,10,18,0,5,0,11,9,2,8,0,28,0,5,19,7,5,2,2,19,0,59,36,3,8,1,4,8,14,14,6,0,0,3,5,44,18,28,21,7,5,13,1,2,18,2,2,389,2,2,17,8,15,4,2,7,6,1,5,24,0
cell_0237,5,14,0,4,1,8,13,4,10,0,18,0,9,8,4,7,1,2,9,0,80,28,12,7,1,0,9,10,8,3,2,2,3,2,62,37,33,11,10,3,10,1,2,25,5,1,381,0,12,15,6,16,4,2,9,12,9,9,17,0
cell_0238,4,19,0,7,1,5,3,0,10,1,28,0,5,8,7,0,2,1,12,0,46,19,13,7,1,2,11,16,17,3,3,1,5,2,45,14,26,13,5,7,14,2,0,36,1,0,390,3,5,8,6,17,3,1,7,7,4,5,13,0
cell_0239,11,22,0,3,0,4,22,1,6,1,38,1,14,10,17,4,3,3,15,0,97,36,22,14,1,6,7,31,24,5,3,1,11,9,62,30,41,23,10,7,19,3,0,16,5,4,409,4,9,10,12,17,5,1,22,14,2,4,21,0
cell_0240,23,21,0,4,1,2,14,1,10,1,38,1,6,14,10,10,0,1,19,0,93,40,20,22,1,5,12,23,11,5,6,2,14,11,90,35,25,30,7,9,15,4,1,25,3,1,456,3,12,17,10,23,8,1,15,12,11,11,21,1
cell_0241,7,30,0,4,0,4,9,0,8,2,28,1,6,8,5,5,0,0,13,0,75,38,16,21,1,4,6,19,22,7,0,4,9,10,51,17,44,14,12,1,16,2,1,21,1,3,367,6,14,12,12,15,3,4,19,7,4,7,27,0
cell_0242,0,1,3,4,10,4,7,1,8,3,23,14,8,14,8,58,7,0,8,10,3,36,3,15,1,2,0,50,9,1,7,32,5,71,4,12,1,0,8,36,14,10,8,1,17,28,12,2,3,45,8,17,2,19,96,2,6,4,5,1
cell_0243,0,3,0,1,5,2,9,1,7,2,24,25,3,3,4,37,3,2,9,2,2,32,3,6,2,4,0,23,5,2,6,22,2,64,2,6,1,2,6,43,12,14,6,0,23,21,2,1,4,46,4,12,0,10,78,5,5,0,4,2
cell_0244,4,26,0,3,0,4,8,2,7,2,19,0,6,6,6,4,4,2,10,0,54,14,3,6,4,2,6,17,9,4,2,1,2,4,50,7,16,12,5,3,13,2,0,9,1,0,192,1,8,6,7,12,2,2,7,7,5,5,5,0
cell_0245,11,18,0,6,1,4,7,1,3,1,29,0,5,10,5,1,2,1,13,0,77,40,14,14,8,2,9,18,4,1,3,2,3,3,82,9,15,20,11,11,28,2,0,21,2,2,284,1,6,19,5,5,2,2,9,13,2,5,17,0
cell_0246,0,2,3,6,4,2,3,1,5,2,15,13,3,9,8,53,1,0,10,6,5,16,0,13,1,5,0,50,8,2,9,43,4,56,3,7,1,1,10,47,14,12,3,3,29,30,4,2,10,48,12,15,5,22,80,2,7,3,2,8
cell_0247,8,23,1,4,0,1,13,0,1,1,14,0,3,8,6,2,1,2,9,0,36,20,9,6,3,1,6,11,5,2,1,0,3,2,44,10,16,9,7,1,17,1,0,3,1,1,231,2,4,4,4,17,0,2,4,10,1,1,10,1
cell_0248,0,1,5,1,17,2,6,0,5,0,23,10,4,9,12,44,2,2,5,4,1,23,0,10,2,9,0,78,9,1,15,49,5,64,9,13,2,1,8,54,12,10,6,0,30,15,3,1,4,56,7,14,4,23,140,2,8,6,3,4
cell_0249,10,23,0,6,1,4,7,2,3,1,31,0,5,6,9,5,3,2,8,0,84,44,23,12,3,4,10,15,10,5,1,1,2,3,56,13,17,13,4,3,28,1,0,13,0,0,312,3,5,7,13,10,2,0,15,13,5,6,11,1
cell_0250,7,44,0,5,0,2,10,0,6,1,25,0,8,10,13,3,3,0,8,0,74,41,13,11,5,3,8,10,7,2,1,3,6,3,67,6,29,23,5,2,51,3,0,24,2,2,562,2,12,10,11,18,1,3,5,6,6,4,19,0
cell_0251,7,19,1,4,1,1,7,3,2,3,25,1,5,13,5,1,2,1,5,0,52,24,17,15,9,1,8,4,9,5,1,3,3,4,41,11,12,14,15,4,35,0,0,12,0,1,297,3,3,3,11,14,1,3,6,9,8,0,19,1
cell_0252,1,2,5,3,8,5,5,2,5,1,33,5,2,14,5,59,1,2,5,7,3,43,0,19,1,6,0,52,5,1,9,74,3,68,3,8,1,5,8,49,15,21,2,1,25,17,10,3,9,46,7,9,4,34,122,1,3,6,0,7
cell_0253,0,0,4,2,4,1,8,1,3,1,41,6,3,7,15,42,3,1,9,9,1,35,3,12,10,1,1,56,6,1,13,39,6,58,2,8,0,1,7,36,8,17,9,0,26,25,4,0,1,47,20,19,4,29,106,0,6,5,2,10
cell_0254,1,5,5,2,6,7,9,2,6,1,22,5,0,7,7,39,1,3,6,5,3,32,1,10,1,9,0,103,5,4,8,80,8,88,6,11,0,1,10,44,19,7,0,1,48,25,3,0,7,62,9,12,2,41,111,0,11,9,0,12
cell_0255,7,36,0,2,0,2,7,1,6,3,25,0,4,5,8,0,1,2,3,0,64,34,5,6,3,2,19,3,9,1,3,4,7,2,38,9,20,12,12,4,30,0,0,19,3,1,268,1,3,10,9,15,1,1,7,7,2,0,7,1
cell_0256,9,51,0,5,0,2,15,2,3,5,23,1,3,12,6,2,1,2,9,0,50,34,26,10,9,1,13,7,5,3,1,4,7,2,84,6,25,10,11,4,65,1,1,16,1,0,341,0,7,13,12,17,1,3,5,7,4,4,20,0
cell_0257,17,76,0,8,1,4,19,1,4,3,40,2,10,7,26,3,1,1,10,0,103,51,37,15,4,4,23,21,12,3,1,6,5,3,95,7,17,29,9,3,79,2,0,19,1,2,577,1,4,12,11,15,1,4,13,7,3,1,14,2
cell_0258,8,39,2,2,1,3,15,1,2,3,25,0,4,10,9,0,0,3,13,0,93,28,16,16,5,2,20,4,14,2,1,8,5,2,60,13,19,25,9,3,35,0,1,11,1,0,258,0,10,5,9,14,2,3,16,7,2,2,7,1
cell_0259,8,30,0,2,1,2,8,0,0,1,22,0,2,2,5,1,2,0,1,1,50,17,12,7,2,0,8,1,4,3,1,2,7,4,56,3,7,11,7,2,47,0,0,9,0,0,282,1,8,3,15,14,0,1,5,7,0,1,8,0
cell_0260,9,55,2,3,0,2,12,2,4,4,31,0,6,9,8,2,3,1,4,0,85,28,26,11,5,0,18,9,8,2,0,7,6,4,56,11,8,21,12,6,59,0,0,6,3,1,381,2,8,8,10,23,1,2,3,18,2,1,13,2
cell_0261,1,1,2,3,6,3,6,0,1,0,22,3,4,4,5,53,0,0,2,3,2,22,2,7,3,4,1,50,10,1,7,60,4,45,6,2,1,0,10,29,5,19,3,1,35,18,3,1,4,50,5,12,0,21,78,0,9,4,1,3
cell_0262,0,3,4,2,2,4,1,2,2,1,22,2,6,4,5,13,0,0,4,2,0,22,3,6,6,2,0,35,4,2,11,50,6,42,5,6,1,2,8,26,6,11,0,1,33,9,1,1,5,50,8,3,2,16,79,3,5,5,0,2
cell_0263,0,2,7,5,6,5,15,2,3,0,31,2,6,5,9,50,1,1,5,9,4,33,0,14,5,5,2,56,10,5,13,77,13,84,6,5,1,1,9,45,8,13,3,0,49,25,5,3,5,78,7,4,3,25,144,2,12,7,3,6
cell_0264,5,44,0,6,1,1,8,1,2,1,24,0,6,7,8,1,1,0,6,0,64,43,24,18,11,4,14,7,9,0,0,0,13,1,64,14,10,13,8,1,53,0,1,15,3,2,395,1,6,7,6,17,4,2,10,10,1,0,13,2
cell_0265,6,39,1,3,0,2,3,1,1,2,18,0,5,4,7,3,1,1,6,0,59,25,18,9,11,3,15,3,11,2,1,4,7,1,48,2,8,12,12,0,36,0,0,13,0,0,242,0,6,5,3,18,2,4,6,7,1,0,8,0
cell_0266,3,42,0,5,1,1,5,2,2,1,18,0,2,8,6,0,0,1,5,0,59,29,28,6,5,1,6,4,4,2,3,1,7,1,24,3,14,7,6,0,52,0,2,13,0,0,158,2,3,2,4,4,2,1,7,5,0,2,13,0
cell_0267,2,60,0,1,1,0,13,0,3,1,29,0,0,6,2,1,3,1,5,0,62,29,32,10,3,1,16,3,5,2,0,7,4,2,55,7,11,9,14,3,36,0,1,6,0,0,256,1,6,2,7,14,1,0,4,7,2,0,9,0
cell_0268,0,4,7,6,14,1,10,3,5,1,24,5,1,11,5,36,1,2,8,6,3,33,2,9,4,8,0,65,5,3,11,96,3,66,0,3,0,0,9,46,10,18,3,4,53,21,1,1,10,70,14,17,0,41,110,0,13,3,1,7
cell_0269,10,75,2,4,0,1,3,2,3,4,34,0,3,6,13,0,1,3,9,1,79,32,16,8,2,0,20,7,4,2,0,3,6,1,65,11,9,24,12,0,75,2,0,31,4,1,230,0,5,5,5,19,1,4,7,6,1,0,6,1
cell_0270,0,3,6,3,11,4,7,2,4,1,30,9,4,6,13,49,2,3,4,7,1,39,1,20,4,8,0,81,13,6,7,91,5,46,5,3,0,0,12,55,8,23,6,2,65,21,4,0,1,81,11,22,0,49,121,2,19,6,3,6
cell_0271,11,99,0,7,1,1,9,2,5,3,37,0,10,2,10,0,3,2,2,0,114,51,30,25,13,1,28,5,16,2,0,9,11,3,87,10,21,16,16,6,80,2,1,15,1,2,244,3,4,7,10,14,5,2,14,11,2,1,19,2
cell_0272,0,2,6,1,6,4,7,1,2,1,15,3,4,9,6,56,2,0,11,4,2,34,1,14,9,4,1,108,2,4,12,102,2,58,5,10,0,0,9,26,9,14,3,2,31,20,1,0,2,52,8,21,2,30,93,0,8,2,1,6
cell_0273,4,93,0,6,1,2,2,1,3,1,16,0,4,3,11,3,1,0,3,2,94,39,27,13,8,0,28,4,8,1,0,5,14,1,80,7,28,20,8,6,87,1,0,14,1,0,279,2,4,2,6,23,5,9,14,10,4,0,15,1
cell_0274,4,74,0,2,2,3,2,3,1,2,31,0,3,8,2,0,2,0,8,0,87,27,24,9,7,1,23,7,7,3,1,6,5,2,78,2,12,12,7,5,95,1,1,11,1,0,270,1,7,5,10,16,1,0,5,9,5,1,12,0
cell_0275,1,4,5,1,9,5,6,2,2,3,26,7,3,4,3,41,2,2,6,2,1,42,1,10,7,7,1,95,5,3,12,82,3,46,3,0,1,1,8,39,7,16,3,0,28,19,3,1,7,37,10,11,3,25,96,1,9,7,0,6
cell_0276,5,113,0,3,1,1,8,0,5,0,12,0,0,9,9,1,1,0,2,0,43,37,28,18,7,2,12,5,3,4,0,3,8,4,132,10,7,4,6,1,55,0,0,27,2,0,225,1,4,0,3,15,2,1,10,5,4,0,13,0
cell_0277,8,93,0,0,0,1,8,5,2,3,20,1,5,11,16,5,0,0,8,0,98,48,48,16,12,1,26,7,7,0,0,8,11,2,64,7,16,14,12,7,79,0,0,15,2,0,330,0,6,4,8,25,2,2,7,10,1,1,13,0
cell_0278,0,1,9,0,3,4,11,1,2,0,16,2,6,2,6,29,1,1,11,8,3,22,1,6,4,4,1,68,8,3,4,68,1,31,7,4,1,1,12,23,8,6,2,1,37,15,2,0,3,37,4,10,2,29,81,0,10,3,1,7
cell_0279,15,150,1,3,0,3,7,1,3,2,48,0,5,16,7,4,3,0,8,0,137,55,34,30,8,1,35,8,11,4,0,11,5,2,110,1,9,16,18,6,105,0,1,25,1,2,322,1,8,3,7,18,8,4,7,12,0,4,12,1
cell_0280,0,3,14,2,11,4,11,2,6,3,32,6,6,11,10,67,2,2,18,5,5,44,1,15,4,13,3,91,10,10,14,113,6,76,6,7,0,2,11,47,11,35,5,2,54,25,6,0,6,64,5,20,2,34,199,1,28,7,2,8
cell_0281,0,1,6,4,6,4,12,0,5,1,30,5,2,6,13,29,1,1,9,4,2,35,1,18,5,7,0,99,6,1,9,132,4,58,4,5,1,1,12,42,3,14,5,1,50,12,2,1,3,43,12,8,3,31,166,1,6,0,0,8
cell_0282,6,103,1,3,0,4,2,0,6,0,16,1,2,6,9,1,2,2,4,0,86,24,34,27,5,0,38,3,5,3,0,5,16,3,69,2,7,19,12,1,91,1,0,23,1,1,222,2,8,3,7,13,2,2,7,8,0,0,3,0
cell_0283,5,89,0,2,0,1,7,0,1,1,24,0,3,7,10,2,1,1,2,0,68,11,14,19,10,2,17,4,9,0,0,4,7,2,54,7,8,12,11,3,70,0,0,9,1,0,150,0,3,2,10,10,6,3,8,13,1,0,4,0
cell_0284,9,182,0,3,0,2,21,4,5,1,29,0,4,9,17,1,0,2,6,0,161,61,29,28,13,3,50,9,11,8,0,6,23,3,149,8,22,10,13,6,152,1,0,31,1,1,384,1,5,9,17,15,7,5,10,7,4,0,13,1
cell_0285,0,4,12,4,14,3,12,0,5,1,46,10,0,8,10,43,0,3,8,9,3,51,2,14,11,6,1,111,13,2,6,150,3,53,6,5,0,1,7,43,8,20,2,2,57,21,0,1,10,60,9,16,1,32,165,0,21,7,0,6
cell_0286,13,81,0,2,0,2,11,1,5,3,26,0,1,11,9,2,3,1,7,0,58,40,33,12,10,1,27,2,7,3,1,11,12,5,82,2,10,13,17,3,89,0,0,22,3,1,225,2,10,9,9,8,2,1,6,5,1,0,7,0
cell_0287,0,6,0,2,5,3,15,4,4,6,23,8,2,5,8,47,0,2,20,3,1,36,3,11,8,11,3,99,7,2,14,92,3,45,6,3,1,0,9,43,5,14,2,1,56,12,2,0,6,64,4,14,4,46,106,1,11,3,0,7
cell_0288,13,106,1,4,1,3,11,2,3,0,27,0,3,5,4,0,2,3,10,1,114,22,31,28,6,2,27,7,9,3,0,10,10,3,82,6,8,20,16,1,89,3,0,14,0,0,189,0,3,3,7,16,3,7,7,6,1,0,15,1
cell_0289,13,95,0,4,0,2,11,2,2,0,27,0,2,13,13,3,0,2,5,0,52,38,34,26,4,0,24,5,7,1,0,7,12,1,55,2,9,11,8,3,89,0,0,8,2,1,264,0,5,2,6,10,2,0,11,5,3,1,6,1
cell_0290,1,8,7,2,10,12,17,2,8,2,30,10,3,6,8,54,3,0,34,4,4,27,1,8,9,5,2,106,5,3,3,109,3,55,8,7,0,1,10,64,10,40,3,0,60,18,5,2,7,56,8,11,2,40,109,2,25,6,1,8
cell_0291,8,166,0,2,0,2,6,2,3,2,16,0,2,6,6,2,1,3,6,0,77,27,18,30,9,0,25,2,8,1,0,2,10,0,63,3,10,7,5,0,110,0,1,12,2,0,163,1,9,2,2,7,4,1,7,8,5,0,5,0
cell_0292,10,206,1,5,0,4,13,1,0,2,22,0,3,8,10,1,0,1,3,0,83,54,28,23,11,1,38,4,6,3,0,9,13,2,111,3,8,10,14,2,111,0,0,28,0,1,266,1,6,3,7,12,1,0,8,6,1,0,5,0
cell_0293,8,143,0,4,1,2,12,1,4,2,19,0,3,5,6,0,3,0,0,0,58,27,34,13,10,0,36,1,11,4,0,7,15,1,94,0,9,10,15,1,109,0,0,21,0,0,196,0,4,2,4,7,4,1,3,5,0,1,5,1
cell_0294,0,5,13,4,2,18,16,3,5,4,22,7,7,9,3,46,2,2,21,7,2,40,0,11,4,9,0,67,9,1,2,181,3,68,5,5,1,4,17,52,21,24,2,0,60,12,6,0,6,71,12,15,4,41,133,3,20,7,1,3
cell_0295,12,151,1,3,0,0,23,1,6,2,19,0,1,12,6,2,2,2,3,0,98,31,43,33,20,4,27,3,13,4,0,3,9,1,91,1,7,25,9,7,100,0,0,29,0,0,187,1,6,3,2,9,3,2,9,2,2,0,3,1
cell_0296,14,203,0,4,0,0,11,1,5,0,19,1,0,17,6,3,0,1,6,2,68,25,36,29,27,0,31,2,9,2,2,16,17,3,112,5,21,12,16,2,131,0,0,19,3,0,263,0,10,8,3,11,5,3,4,9,3,1,9,2
cell_0297,17,339,1,6,1,2,10,1,7,1,40,1,4,23,29,3,2,1,6,0,138,62,84,53,25,0,82,3,28,4,0,8,51,4,150,5,9,27,24,3,239,2,0,54,2,0,529,0,13,7,6,17,5,8,10,13,6,0,10,3
cell_0298,0,4,7,2,11,5,4,2,8,5,27,8,3,7,6,28,2,1,22,6,1,37,0,7,5,17,2,90,6,0,6,131,3,41,7,4,0,1,10,58,5,33,9,1,59,10,0,2,1,52,4,15,7,44,137,0,22,9,1,14
cell_0299,5,138,2,5,0,1,11,0,3,2,33,0,1,11,9,2,1,5,1,0,65,37,46,41,14,2,32,3,11,4,0,9,19,1,96,5,6,25,8,3,127,0,0,22,1,0,177,0,4,0,2,12,3,2,5,8,2,2,9,0
cell_0300,0,2,11,3,9,8,9,1,5,0,16,7,3,13,7,25,2,6,29,8,1,22,2,7,4,18,1,80,3,1,6,123,1,37,3,2,0,1,5,48,13,21,2,1,44,16,3,0,4,32,5,8,5,31,99,1,24,5,1,11
cell_0301,7,108,3,1,2,1,9,1,3,1,26,0,2,3,5,2,1,2,5,0,64,24,24,26,12,0,24,2,12,4,1,6,22,1,90,0,5,17,12,2,50,0,0,11,2,0,207,1,4,2,7,14,3,0,10,6,2,0,6,0
cell_0302,10,216,2,0,0,2,19,0,5,5,22,0,3,14,11,0,2,1,5,0,97,43,29,49,13,1,57,1,14,2,0,6,23,4,100,4,9,15,13,4,152,1,0,29,2,0,337,2,9,10,6,16,6,2,9,7,2,2,3,0
cell_0303,9,385,2,4,0,2,11,2,3,2,34,0,3,14,5,3,4,5,3,0,102,36,85,41,15,0,41,3,12,3,1,3,17,3,115,6,18,9,16,4,193,1,0,29,0,0,289,0,4,6,5,18,3,3,12,13,2,1,16,0
cell_0304,15,165,0,1,1,1,7,1,9,2,22,0,0,3,14,3,0,4,4,1,76,28,54,42,24,1,45,6,23,0,0,14,12,0,85,7,10,14,5,2,165,2,0,23,0,2,248,0,7,1,2,7,3,1,4,13,5,0,15,2
cell_0305,0,9,19,4,4,18,17,3,9,2,15,16,0,16,14,52,1,2,33,9,4,45,3,8,5,18,0,114,3,2,14,190,4,41,4,2,0,1,20,62,5,38,2,3,65,11,1,2,8,48,10,12,11,38,213,1,27,5,2,22
cell_0306,6,186,1,4,0,1,4,3,11,2,26,0,1,6,11,1,2,2,2,1,76,21,36,40,13,1,57,4,14,4,0,5,23,2,86,3,4,21,7,6,97,0,0,4,1,0,237,0,2,6,6,6,1,1,5,7,3,0,5,2
cell_0307,9,112,0,1,0,2,4,2,6,2,10,0,0,7,7,3,1,4,1,0,43,9,35,23,10,0,15,1,12,1,0,5,16,2,86,0,4,13,6,1,57,0,0,12,0,0,123,0,6,3,4,4,4,3,4,2,1,1,10,0
cell_0308,2,160,1,2,1,3,14,2,5,3,21,0,0,13,8,2,1,2,3,0,61,22,39,33,22,1,56,7,20,1,0,7,22,2,94,3,5,14,6,3,104,0,0,12,0,1,215,1,3,1,5,7,5,1,3,9,5,0,3,1
cell_0309,0,8,6,0,10,5,6,2,6,2,22,4,1,5,2,24,0,2,12,4,0,22,1,3,3,6,0,96,2,3,5,137,2,47,4,1,0,1,10,29,6,16,2,0,51,12,0,1,6,30,2,6,3,32,107,1,10,5,3,18
cell_0310,12,285,0,4,0,2,10,0,5,2,21,0,2,13,10,3,4,3,3,0,85,35,52,40,24,2,33,2,23,2,0,5,29,3,96,2,8,17,8,5,77,1,0,15,1,0,201,0,1,2,4,9,4,1,4,10,6,0,8,0
cell_0311,0,8,5,1,5,22,3,1,5,1,34,10,1,5,9,40,0,1,56,9,2,30,2,12,4,12,3,115,1,2,6,126,0,44,6,3,0,2,10,47,10,29,6,1,66,16,2,1,2,41,4,12,7,41,185,3,47,2,0,24
cell_0312,0,9,13,4,10,15,6,0,5,1,16,4,2,6,4,34,0,0,30,6,0,32,4,5,3,15,1,68,2,2,6,118,5,25,3,1,0,0,4,25,8,21,3,1,69,5,3,1,6,33,2,13,6,25,104,1,29,4,1,16
cell_0313,1,3,10,4,10,9,9,2,9,1,28,4,1,12,11,26,0,2,34,5,0,32,4,9,1,8,2,118,1,2,5,163,3,35,11,2,0,0,12,66,9,29,4,2,55,8,1,1,1,46,4,8,16,39,135,0,32,6,2,13
cell_0314,9,183,1,2,0,2,11,0,3,1,22,0,5,9,7,1,4,4,3,0,58,28,39,58,20,0,35,3,12,2,1,8,22,2,91,1,9,16,11,2,88,0,0,21,1,0,262,0,7,11,6,12,1,3,10,13,5,1,7,0
cell_0315,9,124,1,1,2,3,3,1,7,1,26,0,3,5,6,2,4,2,7,1,50,19,46,42,17,0,34,5,24,0,1,4,16,0,87,3,3,17,2,2,94,2,0,25,4,0,196,1,5,6,3,14,2,4,11,6,2,0,5,0
cell_0316,0,4,14,1,4,14,9,1,7,1,26,6,2,9,6,27,0,6,28,10,2,29,1,8,4,15,3,48,2,0,0,102,2,28,3,0,0,2,8,42,10,20,1,1,52,6,1,1,1,30,5,9,4,26,141,1,50,6,0,15
cell_0317,1,10,10,3,10,20,10,3,8,2,12,5,2,17,16,64,0,3,32,14,2,28,0,2,6,15,2,109,4,1,5,107,1,42,10,3,0,1,4,45,4,36,8,0,75,8,1,0,6,62,4,11,24,32,114,1,50,5,3,10
cell_0318,1,18,20,4,10,18,11,0,6,2,22,4,1,15,5,41,0,2,41,8,2,41,1,9,6,8,0,127,4,3,4,149,3,33,4,2,0,4,6,61,7,39,8,1,71,1,1,0,5,57,5,9,15,54,171,2,40,4,2,8
cell_0319,7,191,0,1,0,1,12,0,2,4,20,0,2,17,10,1,2,2,3,0,75,33,30,48,24,0,28,2,16,0,0,5,15,2,85,1,7,24,6,1,108,1,1,22,1,0,195,1,1,3,3,7,0,2,8,7,2,1,9,0
cell_0320,0,9,11,0,5,8,10,4,5,1,15,8,1,6,4,31,0,1,21,5,2,38,0,8,5,9,1,83,0,2,5,114,2,41,9,1,1,3,6,47,6,21,2,2,48,10,2,0,5,34,5,13,9,25,145,1,40,8,1,11
cell_0321,0,11,10,2,14,17,5,0,4,4,12,3,2,6,5,36,0,4,25,3,3,26,3,7,5,22,4,71,2,3,3,121,5,32,9,1,0,3,6,46,2,25,3,1,41,12,2,0,5,42,6,10,14,34,150,0,34,7,1,12
cell_0322,10,212,2,4,1,1,4,0,6,6,37,0,1,21,13,0,0,5,2,0,74,27,42,59,19,1,29,2,21,0,0,4,17,2,126,0,7,12,2,1,97,1,1,21,2,0,256,1,4,5,9,5,2,4,13,9,4,0,11,0
cell_0323,12,207,0,2,2,0,4,0,6,2,17,0,3,11,14,0,0,2,5,1,90,34,36,42,14,0,29,3,19,0,1,6,24,0,120,0,7,16,9,4,86,0,0,13,1,0,171,0,4,1,6,8,0,2,9,9,3,0,1,0
cell_0324,15,212,1,1,0,4,12,1,15,0,30,0,1,18,5,2,4,2,3,1,62,35,34,53,35,1,25,2,17,0,0,9,31,3,134,0,12,19,7,3,84,1,0,18,2,3,241,0,2,2,3,10,3,5,4,13,3,0,11,0
cell_0325,0,5,8,4,9,15,19,0,8,2,19,9,1,9,8,31,0,4,22,9,4,43,1,7,4,12,3,72,2,0,4,127,2,23,7,1,0,9,0,41,3,36,3,0,72,5,2,2,5,39,4,6,11,34,122,1,47,7,0,12
cell_0326,0,13,14,0,13,20,8,0,4,2,15,4,1,8,7,25,0,2,33,5,1,28,4,7,1,9,1,75,1,0,1,128,3,21,4,1,0,2,5,43,7,40,2,1,44,2,4,0,5,26,3,6,7,27,98,3,45,1,0,7
cell_0327,0,4,9,0,3,35,19,1,7,5,18,3,0,7,11,31,1,2,37,4,1,39,5,5,4,5,0,84,0,1,11,130,2,28,2,2,1,3,6,49,4,46,6,0,42,9,2,0,8,38,2,11,16,39,151,1,46,6,0,16
cell_0328,0,4,9,2,5,15,13,2,4,5,16,5,1,3,5,42,2,1,37,4,0,23,1,1,1,13,1,73,2,1,1,99,2,52,9,2,0,0,4,29,2,28,1,1,47,4,0,0,8,45,5,4,16,25,176,1,28,2,1,7
cell_0329,0,13,24,2,15,36,18,1,8,3,12,11,1,8,8,45,1,3,60,6,4,50,2,10,5,12,1,113,2,0,10,171,7,57,13,3,0,3,10,62,7,48,5,1,60,12,3,2,10,60,3,15,21,55,214,2,72,4,1,32
cell_0330,6,244,0,3,0,1,5,2,5,7,29,1,0,7,9,0,1,1,3,0,39,38,36,60,24,1,39,4,26,2,0,8,27,1,127,1,3,26,6,1,121,1,0,28,0,0,184,1,4,1,1,7,2,2,6,10,3,0,9,2
cell_0331,0,2,12,3,14,31,11,0,8,5,18,6,0,10,9,30,0,4,50,4,4,35,1,10,2,17,1,62,3,1,5,127,2,47,7,1,0,1,6,45,6,52,2,1,51,4,2,2,9,32,4,8,19,52,117,0,67,2,0,17
cell_0332,1,2,9,4,8,17,7,1,5,3,16,6,2,4,12,21,0,3,36,2,4,28,1,7,6,15,0,99,3,0,4,112,4,35,10,3,0,0,6,42,7,49,7,1,64,8,6,2,4,32,8,19,14,38,132,2,50,4,4,14
cell_0333,2,2,8,2,9,15,10,1,9,5,7,0,2,3,8,39,0,2,24,1,0,24,1,6,2,15,1,42,1,0,5,84,1,28,2,0,1,1,2,40,0,43,7,0,49,6,4,0,1,19,8,13,7,41,109,1,32,3,0,18
cell_0334,9,137,0,3,0,4,13,1,8,1,34,0,1,30,10,2,0,4,1,1,41,19,37,48,11,2,27,1,17,0,0,4,18,0,143,4,11,19,5,0,69,0,0,12,1,1,154,0,0,3,2,2,3,1,5,6,3,0,7,0
cell_0335,0,13,20,1,5,18,9,1,9,3,6,3,2,3,11,36,0,2,43,5,0,20,2,3,4,8,1,130,2,0,6,123,1,45,9,0,0,2,4,52,8,44,2,0,87,9,1,0,4,33,5,11,9,41,116,2,55,1,0,20
cell_0336,12,221,1,3,1,5,11,0,13,2,26,0,2,26,6,1,3,5,4,0,73,37,35,88,41,1,35,1,29,1,0,5,45,2,196,2,13,35,10,4,172,1,0,14,4,0,236,0,8,3,2,6,4,2,10,10,5,0,6,0
cell_0337,0,6,9,1,12,33,10,1,7,2,10,6,1,4,9,29,0,5,37,4,0,23,2,5,1,10,2,55,3,1,14,126,4,27,12,1,1,2,3,46,2,50,2,3,58,3,1,1,5,32,3,18,9,35,126,1,65,5,1,13
cell_0338,7,206,0,1,0,0,12,1,10,7,31,0,2,19,6,1,3,5,0,0,43,21,21,108,17,2,22,2,20,1,0,4,33,1,149,2,7,31,5,3,76,0,2,18,5,0,206,0,10,5,3,4,1,0,4,8,4,0,3,0
cell_0339,7,65,0,0,0,2,12,0,9,4,31,0,1,21,2,1,1,1,1,0,24,16,12,67,11,0,3,0,9,0,0,5,22,0,59,3,4,9,7,3,43,0,0,10,6,2,134,0,3,1,3,0,3,1,5,6,0,1,4,2
cell_0340,8,156,1,0,1,3,9,0,6,3,35,0,0,30,5,0,0,1,2,0,37,29,28,111,17,1,30,0,19,0,1,5,39,3,94,5,5,23,8,4,88,1,1,10,0,0,189,1,10,4,5,6,0,1,6,9,3,0,7,2
cell_0341,0,6,15,3,10,23,9,3,7,2,12,6,1,6,7,44,0,2,44,2,2,37,0,9,1,19,1,80,0,1,5,149,3,42,15,1,0,6,3,41,2,66,6,1,89,14,7,0,3,39,3,23,17,32,142,0,53,4,0,21
cell_0342,0,5,16,2,9,18,11,0,8,10,14,4,4,7,10,34,0,3,56,6,4,21,2,10,4,11,4,85,1,1,7,78,2,62,6,3,0,3,3,51,0,66,2,0,75,11,5,2,4,37,6,18,20,44,171,2,64,6,1,17
cell_0343,7,174,1,1,0,2,15,0,9,8,30,0,2,39,8,2,2,5,4,0,51,44,41,161,26,2,30,2,27,1,1,3,46,2,164,4,5,28,11,5,82,1,0,23,8,0,196,0,6,3,5,4,2,2,7,7,5,0,4,1
cell_0344,0,4,15,3,9,16,12,1,8,1,7,4,1,7,8,34,0,2,38,0,1,34,0,2,3,29,0,65,0,0,1,135,3,35,13,2,0,1,1,34,2,57,9,0,80,9,5,0,1,33,1,9,11,22,180,0,80,6,0,24
cell_0345,0,4,21,4,8,15,9,2,8,5,10,10,1,4,13,25,0,7,67,3,3,28,2,5,3,12,1,113,0,0,3,70,6,24,15,0,1,0,0,24,9,77,5,0,91,6,4,1,3,36,3,9,18,28,118,0,79,3,1,24
cell_0346,0,8,14,2,6,26,15,0,13,4,16,4,0,6,8,45,0,3,34,5,4,33,4,14,2,21,1,114,1,1,11,139,7,32,16,1,0,7,7,66,5,108,10,1,75,10,2,0,2,42,4,23,39,33,197,0,112,6,1,32
cell_0347,4,128,0,0,2,0,13,0,12,4,35,0,2,25,9,2,1,1,0,0,39,49,43,109,15,1,31,1,19,2,0,2,40,1,119,0,4,24,2,4,61,1,0,14,0,0,225,0,5,1,6,4,3,4,16,11,1,0,5,0
cell_0348,0,0,15,1,8,5,5,1,10,0,2,6,0,3,9,36,0,5,38,1,0,28,0,3,4,3,1,39,0,2,3,110,2,20,4,0,0,1,4,20,1,59,5,2,49,2,3,1,0,13,3,10,12,23,83,2,30,4,0,7
cell_0349,12,141,3,0,1,4,3,2,16,4,33,0,0,49,13,2,2,4,2,1,66,47,51,143,23,3,25,1,31,0,0,5,44,2,212,2,4,32,7,5,97,1,1,5,2,1,274,0,5,3,9,3,0,2,9,17,9,0,3,1
cell_0350,0,4,11,7,11,19,11,1,8,7,5,4,1,3,5,36,0,1,36,2,2,18,4,6,2,9,0,35,5,1,6,52,7,28,7,0,0,2,3,49,4,74,5,1,79,5,2,2,0,22,5,17,19,24,151,1,77,2,0,19
cell_0351,9,128,2,0,0,3,7,2,16,8,58,0,1,47,10,2,3,5,2,0,75,33,73,211,33,1,42,0,27,1,0,4,95,5,208,3,5,30,10,1,94,1,1,11,3,1,292,0,10,3,3,5,3,5,7,9,5,0,4,1
cell_0352,11,124,1,2,1,2,15,0,13,5,32,0,2,57,11,0,2,3,1,1,70,24,51,155,35,4,39,1,28,1,0,4,71,4,229,3,4,42,18,4,153,3,0,17,6,0,363,0,10,4,5,9,2,5,16,14,6,0,1,2
cell_0353,0,3,20,4,13,31,17,0,14,5,10,6,2,5,17,41,0,0,89,6,2,27,2,7,2,24,1,106,1,0,7,73,5,36,19,2,0,0,2,40,11,83,12,1,77,11,2,1,1,36,4,17,18,65,169,0,95,7,0,34
cell_0354,0,5,15,9,9,22,7,1,11,9,7,4,2,3,9,35,0,3,42,5,1,40,1,11,5,14,0,88,1,2,9,115,5,49,4,1,0,2,2,46,9,79,8,1,113,16,5,1,3,41,6,21,27,25,170,1,88,5,0,21
cell_0355,7,135,1,0,2,3,10,3,19,2,37,0,2,50,12,2,2,1,4,0,103,64,47,231,15,0,41,3,34,1,0,7,91,3,244,4,11,31,7,7,122,3,1,22,3,0,281,0,7,6,4,7,3,9,14,20,9,0,8,0
cell_0356,0,1,10,2,4,14,6,1,6,4,4,1,1,5,8,23,0,1,30,9,1,29,1,3,3,8,0,82,3,0,4,46,2,20,9,0,0,1,2,42,4,57,4,0,60,4,3,0,0,25,2,17,17,34,115,0,61,5,0,14
cell_0357,12,68,4,1,0,0,9,2,22,2,24,1,1,51,7,2,2,5,5,0,75,59,40,118,18,0,21,5,34,1,0,4,48,1,165,2,4,29,1,3,127,2,0,10,3,0,233,0,8,3,6,2,3,4,11,6,4,0,3,3
cell_0358,0,1,12,5,11,33,15,2,16,7,7,3,0,1,16,37,0,2,58,7,1,21,1,6,0,17,2,80,0,1,11,30,4,16,21,0,0,4,1,49,0,102,5,0,82,6,3,0,0,34,7,23,18,29,121,0,56,5,1,12
cell_0359,5,41,1,1,0,2,15,1,6,2,23,0,3,31,8,1,2,3,3,0,50,49,47,131,13,0,16,3,24,2,0,1,26,2,166,2,1,14,7,3,56,1,0,9,2,0,165,0,7,3,7,1,1,2,6,7,3,0,2,0
cell_0360,8,70,3,1,1,1,21,2,14,10,43,1,8,55,10,4,2,10,9,1,58,119,49,206,20,1,27,4,38,0,0,8,83,1,283,3,5,30,10,9,93,0,0,28,10,0,387,0,9,4,6,3,2,0,10,22,7,0,3,3
cell_0361,0,1,11,4,13,29,13,0,10,1,3,4,1,4,6,51,0,3,43,3,1,37,2,14,2,6,0,73,2,1,8,30,3,18,11,1,0,1,1,38,2,101,8,1,74,8,3,0,2,29,6,21,20,16,128,0,92,3,0,15
cell_0362,2,25,0,2,0,0,14,3,13,1,18,0,3,41,3,1,1,3,0,0,45,87,35,146,9,0,16,1,23,0,0,0,45,1,155,2,2,25,5,2,45,0,0,24,1,1,181,0,3,1,4,4,0,0,8,12,2,0,3,3
cell_0363,6,38,1,0,0,2,14,4,18,2,19,0,3,41,9,1,4,4,2,0,45,144,33,156,12,1,36,3,39,0,0,6,73,1,218,1,2,27,10,5,40,3,1,14,1,0,257,0,6,1,5,1,3,1,11,9,6,0,3,1
cell_0364,4,69,0,0,1,1,10,1,15,1,42,0,1,49,8,1,1,5,8,0,61,135,37,192,10,2,22,0,21,0,0,2,62,2,286,0,6,27,13,3,87,4,1,11,2,0,341,0,1,0,8,3,1,0,11,14,12,0,0,0
cell_0365,5,29,0,1,0,2,14,1,9,4,12,0,1,41,6,1,1,8,3,0,22,115,19,218,6,0,13,0,31,1,2,2,30,1,185,2,3,13,0,3,57,4,0,13,0,1,225,0,3,2,4,1,0,3,4,6,3,0,8,2
cell_0366,0,0,13,4,19,13,10,2,6,3,2,10,2,0,11,30,0,0,75,4,2,19,0,13,1,16,1,106,0,0,2,45,3,17,8,0,0,1,0,41,1,96,8,0,69,4,3,2,0,17,4,38,26,34,114,0,71,8,0,22
cell_0367,3,44,1,2,1,0,27,0,21,10,35,0,4,59,11,1,1,3,1,2,61,119,46,151,16,0,26,0,20,1,0,0,52,1,261,4,2,34,6,5,69,2,0,16,3,0,205,0,11,1,8,3,3,8,14,10,4,0,5,1
cell_0368,4,29,1,0,0,1,15,2,9,5,28,0,3,30,8,1,1,5,0,0,24,68,30,103,11,0,19,0,31,2,0,1,36,1,138,2,1,26,5,2,58,3,1,6,3,0,150,0,4,0,4,2,0,4,7,9,5,0,3,1
cell_0369,5,24,0,1,1,0,10,0,7,3,31,1,4,21,2,0,2,2,4,0,35,95,55,92,9,1,17,7,16,0,0,2,50,1,200,1,0,22,4,0,42,2,0,11,0,0,152,0,3,2,2,2,5,3,7,5,4,0,3,2
cell_0370,5,13,0,0,0,0,11,1,20,0,32,0,2,41,3,3,2,4,0,0,47,114,22,115,5,0,27,2,31,2,0,1,54,2,245,3,2,23,6,6,51,1,0,8,2,0,189,0,6,0,2,1,0,0,8,6,8,0,6,3
cell_0371,3,25,0,0,1,2,12,3,21,4,22,0,5,62,5,2,2,6,4,0,46,141,21,139,7,2,19,2,25,0,1,1,56,1,260,1,4,23,8,3,56,4,0,8,1,0,175,0,9,2,3,2,1,1,7,9,4,2,1,0
cell_0372,4,28,0,1,1,3,9,1,16,4,26,0,3,57,9,1,4,3,4,0,53,116,33,158,10,0,28,0,23,0,0,2,53,1,267,2,4,20,6,3,68,3,0,14,4,0,201,0,8,1,2,3,1,1,3,4,2,0,2,1
cell_0373,0,1,13,10,21,27,15,0,23,8,6,7,0,4,20,40,0,5,118,5,1,30,0,12,1,19,2,126,2,1,16,39,2,28,15,1,0,2,2,92,4,167,7,0,83,9,1,2,1,22,18,29,28,56,213,1,157,4,0,48
cell_0374,6,35,0,1,1,4,15,2,19,4,41,0,5,49,7,3,5,8,3,1,37,202,24,219,17,2,17,3,19,1,2,1,73,1,286,1,1,31,7,3,103,2,0,12,1,0,310,0,6,1,13,4,2,1,12,11,6,0,5,5
cell_0375,10,24,0,0,0,1,29,2,12,6,28,0,9,53,7,1,4,5,4,0,26,137,27,132,8,2,13,0,39,1,0,0,59,1,214,2,4,26,6,5,42,3,0,9,2,0,232,1,11,2,1,1,1,3,6,6,8,0,4,2
cell_0376,6,32,1,3,1,2,20,3,7,0,27,0,3,70,12,2,2,4,5,0,34,197,30,158,14,2,24,1,13,2,0,1,39,1,117,4,0,26,7,1,41,2,0,14,3,0,200,0,7,3,1,2,0,3,9,6,3,1,2,3
cell_0377,2,22,0,0,0,4,18,2,7,2,35,0,8,50,7,1,3,8,3,0,30,160,45,131,11,0,14,1,40,0,0,0,87,3,202,3,1,21,4,4,61,4,0,11,2,0,277,0,6,1,2,3,1,6,13,9,5,0,6,0
cell_0378,0,0,15,3,11,31,8,0,17,4,1,15,0,6,9,25,0,4,136,6,1,21,5,9,0,15,1,95,1,2,9,27,2,27,28,0,1,0,2,67,1,127,15,0,104,7,1,1,0,29,10,41,11,20,106,0,100,4,0,28
cell_0379,7,52,0,0,1,2,24,2,13,5,32,0,6,65,3,1,3,13,4,0,37,240,32,175,3,0,13,2,32,2,0,4,48,0,243,2,5,30,6,2,50,1,0,16,3,0,214,0,10,4,2,3,1,2,10,8,5,1,3,3
cell_0380,7,32,1,1,2,1,30,3,12,4,32,1,7,53,10,2,1,5,1,0,41,221,37,267,9,0,31,2,43,2,0,2,73,2,247,3,5,30,12,5,56,2,0,20,2,0,297,0,10,0,5,5,1,3,11,19,3,0,8,2
cell_0381,0,0,7,3,4,14,3,0,8,3,1,4,0,2,3,28,0,3,43,9,1,17,0,6,2,12,2,40,2,0,6,19,2,19,11,0,1,1,0,28,4,81,9,0,79,7,1,0,0,12,10,18,26,22,104,2,76,2,0,22
cell_0382,0,0,9,4,4,20,8,0,4,3,0,5,0,2,6,12,0,0,70,5,2,13,0,7,0,7,0,54,4,0,7,21,3,30,9,0,0,1,2,27,0,78,12,0,80,3,2,0,0,6,5,14,21,20,85,0,41,3,0,15
cell_0383,0,1,21,10,15,30,8,0,20,4,4,8,0,0,11,32,1,1,74,2,0,30,2,5,1,11,4,103,0,1,6,17,5,32,15,0,0,1,3,54,5,145,11,0,83,4,3,1,2,22,10,30,37,25,117,0,102,2,0,22
cell_0384,1,2,9,10,13,39,6,1,20,3,2,5,0,2,9,38,0,1,102,7,0,22,0,11,1,13,1,70,4,1,5,14,3,24,13,0,0,4,0,50,0,95,9,1,91,10,2,1,0,15,12,42,25,33,117,0,119,8,1,35
cell_0385,13,13,1,0,0,2,14,0,10,6,36,0,8,31,3,1,0,20,4,0,24,216,54,286,4,0,14,1,42,1,0,0,43,0,221,6,4,17,3,3,47,2,0,7,5,0,237,0,5,2,3,1,1,4,6,12,3,1,3,5
cell_0386,6,19,0,1,1,1,12,2,8,2,20,1,6,39,3,2,3,10,1,1,27,278,17,220,9,0,13,0,34,1,1,1,33,1,144,1,3,25,4,3,49,0,2,7,1,0,202,0,4,0,3,2,2,3,5,8,7,0,5,1
cell_0387,0,1,7,3,8,18,3,0,23,6,3,9,0,2,17,31,0,0,79,4,0,21,3,12,0,17,0,69,2,0,4,16,2,19,16,0,0,2,0,38,3,100,3,0,103,6,2,1,1,20,3,38,20,30,100,0,52,7,0,18
cell_0388,5,29,0,3,1,2,14,4,9,5,23,0,10,45,6,0,2,21,1,2,59,345,37,180,3,0,19,2,38,0,0,3,50,2,253,0,2,28,9,3,40,3,1,11,6,4,207,0,6,1,5,3,0,3,5,17,5,0,1,2
cell_0389,4,23,1,0,0,1,25,3,8,4,43,0,8,46,4,1,1,21,0,0,46,265,45,221,9,1,20,2,28,3,3,0,54,2,226,2,3,32,4,3,43,1,0,7,4,1,205,0,3,0,3,1,1,4,7,14,2,0,7,3
cell_0390,6,15,1,2,2,1,27,2,5,4,47,1,5,69,7,0,4,18,2,0,37,305,44,270,7,1,12,3,32,2,2,1,54,3,267,3,3,46,7,5,79,1,4,11,2,0,259,0,8,1,1,1,0,3,9,14,6,1,4,4
cell_0391,0,0,6,5,9,19,1,0,16,3,3,5,0,1,3,18,0,0,84,1,1,14,0,7,0,9,1,45,0,0,3,9,1,12,8,0,0,1,0,22,1,75,3,0,57,3,0,2,0,20,5,32,17,20,69,0,48,5,0,17
cell_0392,11,12,0,1,1,1,17,5,6,1,17,0,4,33,4,0,1,15,3,1,27,148,21,153,4,0,14,2,29,0,0,0,16,1,181,2,2,19,0,0,25,1,0,14,4,0,153,0,6,0,0,2,2,2,7,7,5,0,2,1
cell_0393,2,1,17,12,12,57,4,0,41,5,3,17,0,0,13,36,0,7,163,6,0,39,1,12,1,12,0,123,1,0,13,22,5,29,34,0,0,1,1,66,0,167,15,0,88,15,1,1,0,14,21,51,39,28,148,0,47,2,0,56
cell_0394,7,22,1,0,1,5,28,4,11,5,18,2,8,41,5,1,5,21,2,1,37,267,33,214,4,1,22,6,29,1,1,1,45,0,225,2,6,28,10,1,50,4,3,16,5,0,204,0,5,1,3,2,2,1,3,6,4,0,3,3
cell_0395,7,30,0,0,0,3,25,3,12,10,38,1,2,55,8,1,2,18,2,0,41,187,37,165,4,0,24,1,19,0,0,0,64,1,217,1,4,19,2,3,64,1,0,6,4,1,211,0,11,0,3,2,1,7,12,10,1,1,4,1
cell_0396,11,24,0,0,0,3,12,7,7,1,21,1,4,40,3,3,2,8,8,0,39,300,52,154,9,0,15,3,23,2,1,4,51,1,199,2,2,26,6,3,57,1,0,5,1,0,193,0,3,1,4,2,3,2,5,10,3,0,2,1
cell_0397,4,14,0,1,2,3,24,4,1,2,22,0,7,32,5,2,1,20,7,0,28,216,47,186,4,1,15,4,21,0,0,0,40,1,210,2,4,25,3,7,48,4,0,8,2,0,191,1,6,0,0,1,0,2,3,14,5,1,3,1
cell_0398,0,1,7,12,10,34,2,0,32,3,1,17,0,5,6,39,1,0,89,7,1,26,0,14,0,14,0,75,3,0,14,15,4,27,17,0,0,1,0,54,0,106,16,0,87,12,2,2,0,12,9,40,12,29,80,2,75,0,0,29
cell_0399,1,1,11,5,7,19,7,0,21,7,0,7,0,2,9,33,0,2,74,4,0,21,1,14,0,8,0,78,1,1,6,5,1,24,11,2,0,2,0,43,3,87,9,1,68,7,1,1,0,15,15,35,9,24,85,0,87,5,0,25
cell_0400,1,4,0,0,1,1,17,2,8,2,29,1,9,24,1,1,3,8,2,0,23,216,31,144,5,0,3,1,13,2,1,0,28,0,177,1,4,21,2,3,31,2,0,6,4,0,208,0,3,0,3,1,0,2,1,6,1,0,1,3
cell_0401,0,0,5,5,10,18,6,0,33,3,0,11,0,1,13,23,1,5,102,8,3,13,0,13,0,13,0,57,1,0,4,17,1,18,13,0,0,1,1,43,0,103,11,1,72,9,0,1,0,7,9,34,22,16,72,0,36,6,0,20
cell_0402,11,20,1,1,1,1,26,2,2,2,31,1,9,75,2,1,1,19,4,1,21,265,47,196,4,0,13,4,23,2,1,2,36,1,215,9,2,27,3,5,42,1,0,9,3,0,184,0,4,1,0,1,0,2,6,10,4,0,2,3
cell_0403,6,15,0,2,0,3,42,2,6,4,32,1,5,37,6,0,2,34,4,0,46,305,53,239,5,0,37,2,40,0,1,1,43,0,176,7,3,38,2,8,39,2,1,7,4,1,187,1,12,2,3,0,1,3,5,8,7,0,4,8
cell_0404,0,3,9,7,14,37,5,2,49,6,0,18,0,3,12,45,0,4,132,4,1,43,2,15,0,19,0,99,0,1,14,18,7,36,27,1,0,6,1,64,6,122,15,0,162,11,5,2,1,17,23,79,39,25,179,1,79,5,0,61
cell_0405,0,0,3,7,11,26,4,1,33,6,2,16,0,2,12,37,0,4,105,4,1,23,1,11,0,16,0,89,0,1,7,15,1,37,14,0,0,4,0,48,2,91,4,1,92,7,3,3,0,17,8,40,21,28,88,0,52,4,0,32
cell_0406,0,2,7,10,17,26,2,1,53,9,2,22,1,3,8,36,0,5,95,8,1,26,2,15,0,11,0,73,2,0,14,23,2,10,19,1,0,2,0,42,5,75,13,1,135,12,1,2,0,7,14,52,32,34,121,1,60,7,0,25
cell_0407,1,0,11,9,27,47,4,0,56,9,2,28,1,4,19,37,0,6,165,14,2,22,1,11,0,17,1,98,1,0,17,19,2,39,28,0,0,1,0,113,0,111,13,0,121,13,5,5,0,19,14,51,40,37,140,1,107,11,1,52
cell_0408,12,14,1,0,0,1,24,2,8,2,24,1,6,38,2,0,2,13,4,0,20,286,36,147,7,2,12,3,26,2,0,2,28,3,234,0,4,37,4,3,26,2,0,5,0,1,150,0,2,1,1,1,0,3,4,4,1,0,1,4
cell_0409,0,2,6,1,3,29,3,0,58,9,2,16,0,1,11,33,0,4,112,4,3,20,2,15,0,7,0,57,0,1,6,13,2,9,11,0,0,2,0,59,2,70,3,1,54,5,1,1,0,10,10,34,17,30,75,0,68,5,0,30
cell_0410,1,0,6,7,7,27,5,0,49,7,0,13,0,0,15,34,0,2,125,3,3,24,1,8,1,13,0,47,0,0,5,11,2,20,14,0,0,2,0,51,0,75,8,1,80,8,1,0,0,9,13,52,12,31,98,0,55,6,1,24
cell_0411,0,1,11,2,12,21,7,1,45,5,0,13,3,1,14,33,0,1,153,5,2,25,0,3,0,20,1,57,3,0,7,8,1,29,17,0,0,1,0,37,2,73,10,2,108,15,0,1,0,7,16,39,14,21,90,1,61,7,0,25
cell_0412,0,0,13,10,13,44,4,0,59,11,0,22,0,5,10,56,0,7,186,9,0,39,2,8,0,25,1,109,2,0,13,13,4,33,21,0,0,7,0,46,1,177,19,1,118,17,3,2,0,9,15,86,14,28,106,2,91,11,0,61
cell_0413,0,0,4,4,14,17,1,1,42,3,0,17,0,2,7,37,0,1,135,6,0,19,3,15,1,8,1,66,1,1,8,12,2,20,6,0,0,2,0,48,1,80,15,0,91,11,2,3,0,4,10,53,19,24,83,1,50,4,0,26
cell_0414,0,2,12,8,11,45,3,2,57,6,0,34,1,5,11,38,0,5,186,9,3,26,4,14,0,23,0,61,1,0,9,29,4,15,11,0,0,2,1,69,1,117,5,1,135,4,5,2,0,6,23,64,41,18,123,0,95,10,0,81
cell_0415,0,0,6,3,11,18,4,0,27,3,1,35,0,5,12,28,0,3,149,3,0,22,3,10,0,10,0,54,2,0,7,20,0,27,15,0,0,1,0,47,2,95,3,0,97,13,1,3,0,10,15,38,19,17,64,0,35,8,1,23
cell_0416,6,18,0,1,1,1,31,5,1,1,24,0,6,27,0,1,1,35,3,0,32,316,41,164,2,0,9,1,28,1,2,0,51,3,181,5,4,18,6,5,46,4,1,7,5,2,215,0,2,0,2,1,2,1,7,11,3,0,3,3
cell_0417,0,1,7,5,6,42,8,0,54,3,4,16,0,3,12,38,0,2,220,5,0,23,0,21,1,18,1,84,0,3,9,11,1,22,24,0,0,2,0,60,1,75,10,0,109,7,2,5,0,4,20,54,16,23,86,1,52,7,0,44
cell_0418,0,1,12,9,10,31,2,0,57,5,1,25,1,1,3,37,1,0,154,3,2,18,0,25,1,12,0,93,1,0,10,9,1,21,18,1,1,2,0,72,0,52,12,1,125,11,3,5,0,8,25,63,22,22,88,0,50,7,1,34
cell_0419,14,24,2,2,1,1,40,3,6,3,31,0,18,74,0,2,2,28,6,0,37,445,34,260,2,1,14,2,42,2,0,0,33,0,238,1,7,50,4,3,24,1,0,3,3,1,217,0,2,1,2,0,0,3,5,21,4,0,0,1
cell_0420,0,2,5,7,17,23,2,0,46,5,1,17,0,2,9,24,0,1,110,4,0,14,1,5,0,13,0,52,0,0,6,13,0,22,26,0,0,8,0,51,0,95,9,0,73,13,4,3,1,9,14,74,9,15,76,0,52,4,0,51
cell_0421,9,21,0,1,1,0,34,3,6,2,26,1,8,71,2,1,2,29,4,0,43,474,45,317,4,0,22,2,30,3,1,0,31,1,154,3,4,35,4,3,51,3,0,7,6,1,273,0,8,0,0,2,0,0,9,13,2,1,2,1
cell_0422,0,1,8,11,9,34,4,0,78,8,1,28,2,2,12,53,0,6,146,3,2,16,1,21,0,20,1,52,0,0,6,24,2,28,13,1,0,3,0,54,0,104,11,0,71,14,0,1,1,10,13,63,21,33,75,1,55,8,0,44
cell_0423,0,1,6,7,15,23,1,0,52,3,0,18,0,0,3,33,1,3,138,1,0,12,3,14,0,18,0,33,0,1,14,10,3,20,11,0,0,4,0,16,0,75,8,0,75,11,0,7,0,8,13,28,10,11,68,0,29,7,0,27
cell_0424,7,22,0,3,0,2,22,1,1,0,23,1,11,69,5,0,2,32,5,0,28,384,57,189,1,0,33,1,29,3,0,1,28,3,189,10,3,34,4,3,26,3,0,5,2,1,237,0,6,0,1,1,2,3,0,11,6,0,4,1
cell_0425,0,0,2,12,8,29,2,0,48,6,2,13,0,0,5,28,0,0,149,3,0,22,0,9,1,12,0,66,3,0,7,4,1,16,9,1,1,4,0,42,0,74,5,1,58,11,0,2,0,7,17,49,16,4,76,0,34,5,0,25
cell_0426,7,8,1,1,1,5,21,3,6,4,21,0,8,54,2,1,0,33,5,0,33,342,55,232,5,0,19,2,40,2,1,1,30,2,168,6,5,43,5,5,25,2,0,3,3,0,155,0,2,0,1,1,3,1,9,10,1,0,0,3
cell_0427,0,1,5,8,6,21,2,0,39,5,0,12,0,2,9,31,1,1,118,2,2,12,1,17,0,23,0,37,1,0,3,10,2,21,10,1,0,7,1,41,0,31,3,0,58,19,2,3,0,4,9,50,7,17,66,0,46,6,0,31
cell_0428,0,0,5,10,11,37,5,0,69,5,3,26,0,2,12,43,1,8,237,6,2,27,1,14,0,27,1,54,1,1,11,14,1,25,13,0,0,4,0,70,3,57,12,2,111,9,1,7,0,7,22,52,14,26,46,2,49,16,0,53
cell_0429,13,27,0,2,1,3,37,9,7,1,34,3,26,89,2,2,8,45,17,0,63,708,84,403,13,2,40,4,59,4,0,3,24,2,306,14,3,73,8,6,39,2,0,6,5,2,254,0,8,2,1,2,0,3,8,20,2,1,5,3
cell_0430,0,1,6,13,17,48,3,1,106,10,1,37,1,4,13,50,0,8,221,8,0,30,4,27,1,36,1,86,2,1,14,12,2,22,28,0,0,2,0,66,0,88,6,0,167,16,5,3,1,7,20,61,17,19,103,0,41,16,0,45
cell_0431,0,0,4,6,9,58,1,1,99,5,0,42,0,1,9,33,0,5,196,3,2,29,1,27,0,22,2,67,2,0,11,12,2,27,12,0,1,7,0,56,1,47,2,1,101,12,3,4,0,7,14,77,15,13,99,2,34,13,0,45
cell_0432,0,0,7,6,7,33,2,0,58,8,0,26,0,2,6,41,0,0,187,5,0,10,2,17,0,13,0,32,4,1,7,12,0,12,6,0,1,3,0,37,0,34,0,0,70,8,2,0,0,2,9,55,9,12,67,0,24,11,0,42
cell_0433,0,0,9,7,20,29,0,0,97,10,2,16,1,1,17,36,0,5,147,7,2,13,3,12,0,21,1,58,3,0,14,26,1,13,8,0,0,5,0,61,0,80,4,0,121,21,1,2,0,3,19,71,11,12,56,1,27,18,0,62
cell_0434,8,17,2,1,0,6,30,1,3,1,18,1,14,43,3,1,7,46,6,0,35,415,65,297,3,1,14,1,33,3,1,0,17,1,183,4,9,51,3,6,16,2,1,8,6,1,203,0,8,0,2,3,2,2,6,10,0,1,1,6
cell_0435,0,2,11,6,16,26,3,0,69,8,0,31,1,0,6,45,0,4,207,6,0,11,1,18,0,42,0,50,4,1,12,12,0,21,9,1,0,2,0,60,2,31,6,0,140,15,5,1,0,2,10,68,21,18,74,1,29,11,0,19
cell_0436,4,18,0,1,0,0,16,4,3,0,15,1,17,36,1,3,3,36,4,1,19,215,68,251,3,1,23,2,44,4,1,1,12,2,179,2,2,50,5,2,21,1,1,5,2,1,177,0,5,0,0,0,0,1,2,6,1,0,0,6
cell_0437,5,8,0,0,1,4,9,4,4,0,19,0,15,33,0,1,4,21,8,0,19,181,35,193,3,0,8,0,40,2,1,1,9,0,137,3,5,29,2,4,14,0,0,4,3,0,154,1,3,0,0,2,0,1,1,4,0,0,1,1
cell_0438,8,10,0,0,2,1,14,5,2,3,20,2,18,32,3,3,0,24,6,0,19,235,29,217,0,1,14,0,21,4,0,0,6,1,121,4,6,39,4,0,6,0,2,2,1,1,135,0,4,0,1,4,0,0,2,5,2,0,2,0
cell_0439,15,8,0,0,0,2,12,3,2,0,10,1,8,19,1,0,2,23,6,0,23,227,48,236,3,0,7,2,22,2,1,0,7,0,119,1,5,20,2,1,13,1,0,7,0,0,117,1,5,0,0,1,1,1,0,3,2,2,1,1
cell_0440,7,18,0,2,1,2,31,9,1,1,24,2,27,53,3,2,6,87,13,1,29,527,60,371,1,1,39,0,55,7,0,1,15,1,154,10,7,39,5,2,31,1,0,2,4,0,243,1,7,1,1,1,1,3,7,9,2,1,4,3
cell_0441,0,0,12,6,15,42,7,2,73,5,2,18,1,2,10,38,1,5,193,5,0,20,0,16,0,29,2,40,1,1,3,7,1,34,11,0,0,3,1,55,1,62,7,2,103,19,3,7,1,5,6,51,14,11,47,1,24,17,0,73
cell_0442,1,1,10,13,18,55,0,0,99,4,1,35,1,4,14,42,0,5,310,6,0,24,1,24,0,22,0,85,1,1,13,15,0,27,18,0,0,7,1,49,0,63,4,0,151,19,2,0,0,5,18,73,11,16,56,2,39,13,0,31
cell_0443,0,0,7,9,9,36,3,0,81,10,2,34,1,1,11,38,0,2,178,6,1,17,0,8,0,27,2,40,0,1,3,9,1,20,16,2,0,1,0,76,1,42,6,0,105,14,4,1,0,4,18,61,13,9,38,1,23,10,0,55
cell_0444,4,13,0,0,1,2,15,2,1,0,13,0,12,27,1,3,6,39,6,1,12,284,22,216,3,1,14,1,44,0,0,0,7,0,103,5,5,26,3,1,11,2,0,4,5,1,96,0,5,1,1,1,0,0,0,8,0,1,2,3
cell_0445,9,13,0,2,2,4,26,7,5,0,17,1,20,29,0,0,6,48,10,1,31,378,92,157,0,1,40,1,35,1,0,1,9,2,109,3,7,36,2,2,21,1,0,1,7,0,168,0,6,0,0,0,0,0,5,6,5,0,0,3
cell_0446,13,17,0,0,0,0,28,4,0,1,14,1,20,31,2,3,6,47,5,0,16,251,50,272,2,2,34,1,33,2,1,0,12,0,136,7,7,31,5,2,14,0,0,5,2,0,128,0,5,0,0,2,1,0,4,9,2,2,1,6
cell_0447,1,2,8,6,9,31,2,0,86,5,0,21,0,0,6,30,0,5,178,4,0,16,2,11,0,21,3,28,2,1,3,13,0,19,7,0,0,1,0,46,2,29,3,1,84,15,2,3,0,4,10,47,13,11,29,0,20,10,1,37
cell_0448,12,17,0,2,0,2,12,9,2,1,11,0,26,11,0,3,3,75,4,0,19,244,50,276,2,0,32,1,25,1,0,1,12,0,114,12,11,49,5,5,16,2,2,2,5,0,182,0,3,0,3,2,1,0,3,3,1,1,2,1
cell_0449,12,25,1,0,3,1,19,2,7,2,12,1,25,42,0,1,6,55,14,0,31,317,78,289,6,1,21,0,43,3,1,0,9,3,123,7,12,55,2,1,13,0,0,4,2,0,108,1,6,1,2,2,1,0,3,14,0,0,1,4
cell_0450,0,0,1,10,15,42,2,0,106,7,0,49,1,0,6,41,1,2,217,4,3,18,3,15,1,21,0,43,1,1,1,12,0,11,8,0,0,3,0,48,0,43,6,1,134,13,3,4,0,4,9,81,19,14,77,0,25,19,0,36
cell_0451,8,21,0,0,1,3,17,4,2,1,19,0,18,41,0,0,0,55,8,0,12,296,26,242,2,0,21,2,23,3,0,0,10,0,115,7,4,36,2,4,15,0,0,6,5,0,132,0,4,0,0,1,1,2,3,9,1,1,2,3
cell_0452,0,1,3,11,15,31,1,2,85,5,0,28,0,5,9,33,0,2,142,3,0,13,1,18,0,26,1,58,0,0,4,14,0,15,12,0,0,3,0,28,0,25,3,0,93,12,0,4,0,3,9,62,11,8,46,0,15,12,0,36
cell_0453,0,1,10,15,10,40,2,0,131,7,0,18,1,0,3,46,0,6,202,10,0,17,4,15,0,21,1,51,2,2,4,13,1,7,6,2,1,7,0,35,1,34,6,0,122,23,0,2,1,1,10,87,6,12,43,1,24,15,0,48
cell_0454,0,4,16,14,31,47,1,3,117,13,0,38,0,2,14,67,0,6,202,4,1,17,2,18,0,30,0,59,0,0,3,7,0,23,8,0,0,5,0,51,1,43,9,0,126,32,5,5,1,1,12,74,14,16,61,0,30,21,0,31
cell_0455,0,0,8,8,6,35,2,0,88,4,0,32,0,0,10,19,0,4,167,3,0,7,2,13,0,27,1,30,3,0,5,7,0,17,1,1,1,3,0,45,0,22,3,0,128,9,4,4,0,3,12,54,6,15,39,0,19,7,0,36
cell_0456,8,21,0,2,1,2,13,4,2,0,12,2,14,33,2,0,1,58,7,0,22,236,36,176,7,2,28,2,31,3,0,0,8,2,69,3,10,40,4,5,11,0,1,4,2,0,96,0,4,0,0,0,2,1,1,10,0,2,1,3
cell_0457,5,31,1,2,1,2,20,4,1,0,5,0,19,30,1,2,6,64,3,0,32,262,42,190,5,2,37,1,30,4,0,0,11,0,88,2,11,46,4,1,14,1,1,2,3,0,109,0,2,0,0,3,0,2,9,13,0,0,1,3
cell_0458,11,22,0,1,1,1,26,8,3,1,11,2,26,23,0,2,3,63,16,2,15,273,46,459,8,1,15,0,49,4,0,1,3,1,109,10,7,54,1,1,15,2,1,4,3,0,105,0,4,1,0,0,0,0,1,7,3,0,3,2
cell_0459,1,3,5,10,19,37,2,0,117,8,2,50,0,0,15,30,0,3,214,7,1,7,3,19,0,26,0,19,0,0,3,7,0,26,7,0,0,4,0,53,0,41,11,0,141,17,4,5,0,5,11,40,16,6,51,0,15,12,0,34
cell_0460,0,1,12,20,19,59,3,2,187,7,0,61,1,2,5,57,4,20,295,6,2,31,4,14,0,50,0,44,4,0,4,4,0,27,9,0,3,11,0,102,3,46,11,0,333,27,0,6,0,2,18,91,15,20,88,0,26,23,0,55
cell_0461,21,34,0,1,1,5,27,1,3,0,11,2,31,31,1,1,3,92,12,0,13,289,58,331,5,1,44,1,55,7,0,3,9,2,121,12,12,54,7,4,6,2,0,9,3,2,141,0,5,0,0,1,0,1,0,10,0,2,3,2
cell_0462,0,1,5,8,20,65,1,0,123,5,2,20,2,1,7,30,0,2,299,3,0,8,4,25,1,36,0,20,4,0,0,10,0,23,6,1,1,2,0,42,0,20,4,1,140,11,0,2,0,4,6,81,1,8,59,0,8,18,0,30
cell_0463,0,0,1,15,12,35,0,0,93,6,0,31,0,1,4,47,1,1,158,4,0,13,0,12,0,21,0,25,1,1,2,7,0,14,6,1,0,4,1,43,0,16,12,0,106,14,2,1,0,1,6,41,4,9,25,1,21,14,0,36
cell_0464,6,33,0,3,0,1,22,4,4,1,13,3,30,23,1,2,1,68,7,0,17,234,44,319,4,2,42,0,29,5,0,0,4,0,79,8,11,70,8,1,14,2,0,2,3,1,128,0,4,0,0,0,1,0,5,6,1,1,0,2
cell_0465,2,0,8,21,23,49,2,0,180,4,0,30,3,0,5,67,0,14,369,10,0,18,1,31,0,35,1,51,0,1,5,12,1,22,6,2,2,4,1,46,0,35,17,0,126,26,3,0,0,2,17,86,13,15,52,0,13,20,0,57
cell_0466,1,1,8,16,18,59,3,0,169,2,0,44,2,0,5,38,0,7,245,5,0,13,3,19,0,29,1,43,0,0,7,10,0,18,7,0,1,7,0,37,0,37,10,0,171,17,5,4,0,3,12,74,4,11,53,0,19,24,0,59
cell_0467,7,14,1,0,1,4,10,4,0,0,10,2,16,17,0,1,7,65,12,0,9,147,51,258,3,1,25,0,31,3,0,0,1,2,75,8,8,33,2,0,2,1,0,2,2,1,81,0,3,0,0,0,0,0,3,7,0,0,1,1
cell_0468,0,2,7,12,35,33,2,0,129,5,1,41,0,0,3,27,0,9,221,2,1,9,0,10,0,18,1,31,3,0,3,3,1,21,6,0,1,1,1,24,0,20,8,0,80,21,1,5,0,0,7,48,6,8,49,0,16,16,0,49
cell_0469,12,38,0,3,1,4,20,15,0,1,13,2,32,26,0,2,8,107,11,0,25,297,42,372,7,0,37,2,55,6,0,0,8,0,81,9,18,62,4,3,5,1,0,2,8,0,133,0,4,1,0,1,0,0,3,11,3,0,3,7
cell_0470,14,49,0,3,1,0,23,8,1,2,25,2,43,40,1,0,4,96,18,1,25,221,53,394,4,3,51,1,40,9,0,0,8,1,85,12,20,70,13,1,11,0,0,3,5,1,123,0,4,0,0,0,0,1,5,12,0,0,2,4
cell_0471,0,0,5,10,20,66,2,1,143,6,1,70,1,2,7,35,0,9,228,4,1,9,2,14,1,22,4,25,2,0,3,7,1,24,4,1,2,3,0,56,1,48,4,0,119,19,1,2,0,1,5,64,5,15,46,1,16,14,0,73
cell_0472,15,47,0,2,1,1,12,2,6,1,10,0,31,45,1,4,5,85,14,0,16,233,44,417,10,1,45,1,25,2,0,0,7,0,90,19,14,49,11,4,7,0,0,5,2,4,112,0,3,1,0,1,1,0,3,5,2,1,2,2
cell_0473,12,72,0,2,2,6,37,4,6,0,31,2,54,21,3,1,7,104,18,0,32,170,78,592,11,2,34,0,40,5,0,3,3,2,74,31,29,80,13,5,10,1,5,5,6,1,111,0,9,0,0,1,0,0,5,10,1,1,4,3
cell_0474,0,2,14,10,39,93,3,1,150,9,2,58,1,0,5,59,0,11,389,5,1,24,4,21,1,28,2,34,0,0,3,16,2,25,4,1,2,14,2,54,0,33,12,1,142,40,0,10,0,5,14,83,6,15,74,3,26,26,0,67
cell_0475,6,23,1,2,2,3,9,4,4,0,7,1,18,17,0,3,6,85,11,0,24,174,35,341,2,0,44,1,41,4,0,1,3,0,58,18,23,67,3,2,4,0,1,5,6,0,88,0,1,0,0,1,1,0,2,5,2,0,5,3
cell_0476,16,42,1,0,1,5,15,9,0,0,21,2,52,27,0,2,5,87,15,1,23,238,57,415,7,1,68,0,66,6,0,0,3,0,65,20,19,66,10,1,12,0,0,14,5,1,155,1,8,0,0,2,0,2,4,5,0,1,8,8
cell_0477,0,1,2,12,23,48,2,0,136,3,0,46,0,2,1,30,0,12,208,2,1,11,3,14,0,31,0,24,0,1,2,9,0,17,5,1,0,1,0,27,1,28,5,1,115,23,0,5,0,1,2,65,5,9,28,3,7,16,0,30
cell_0478,0,0,4,16,30,34,1,0,166,6,0,38,1,1,4,25,0,15,314,3,0,7,0,25,1,30,1,10,0,0,2,7,0,14,4,1,0,0,0,34,0,21,10,0,125,9,2,5,0,0,6,72,8,9,24,1,9,14,0,45
cell_0479,12,79,1,1,3,2,21,10,8,0,14,1,40,37,0,0,6,156,13,0,37,217,54,354,4,3,77,1,43,4,0,3,4,0,78,20,12,68,11,3,9,0,0,3,6,0,98,0,6,0,0,5,1,0,3,15,0,0,6,2
cell_0480,11,37,1,0,1,1,11,5,1,0,5,1,18,32,0,1,2,108,5,0,10,135,36,254,5,0,58,0,25,1,0,1,4,1,45,7,13,46,6,1,4,1,4,4,3,0,101,0,4,0,1,2,0,0,0,3,0,0,4,2
cell_0481,15,62,1,0,6,5,24,14,10,0,20,3,38,18,0,5,5,148,14,0,14,194,55,490,9,2,79,0,49,3,0,1,5,0,65,18,30,67,7,5,7,0,1,3,3,2,100,0,4,0,0,1,0,0,1,11,0,1,3,1
cell_0482,1,3,2,19,31,68,3,1,188,6,0,82,2,2,7,71,0,4,364,10,0,13,6,33,0,34,2,25,0,0,3,14,0,23,5,3,0,7,0,51,0,19,14,0,153,22,4,2,1,3,11,113,7,5,25,0,24,21,0,74
cell_0483,16,135,0,2,1,2,21,7,1,0,7,9,45,31,1,4,5,146,10,0,17,194,63,532,13,1,56,0,42,11,0,2,7,2,79,26,20,93,13,2,8,0,1,6,5,1,138,0,5,0,3,1,1,1,0,9,1,2,4,1
cell_0484,0,2,5,11,24,55,1,0,197,5,1,59,2,0,3,49,0,7,265,1,1,3,0,15,0,21,1,13,0,0,1,8,0,13,2,2,3,4,0,37,0,25,5,1,117,20,0,2,0,0,0,73,4,7,29,0,6,13,0,25
cell_0485,12,40,0,1,3,0,17,10,3,0,19,0,47,22,0,2,5,137,17,0,23,142,100,395,9,2,109,0,28,6,0,0,3,1,58,14,23,78,13,4,13,1,0,5,5,1,138,0,3,0,1,1,0,2,1,12,0,3,3,5
cell_0486,0,0,5,16,19,58,2,0,123,3,1,64,3,0,5,59,0,9,336,6,1,10,1,29,0,33,3,11,0,0,1,12,1,9,1,1,0,5,0,32,0,38,14,2,167,20,0,6,1,2,7,97,6,12,35,1,10,14,0,48
cell_0487,19,93,0,0,4,8,24,14,9,1,20,1,70,50,0,1,9,145,26,0,19,222,74,602,10,1,70,3,56,9,0,1,7,1,79,32,33,80,17,4,4,1,0,7,5,0,145,0,4,0,2,1,1,0,4,7,0,1,5,8
cell_0488,0,1,6,16,12,40,2,0,172,4,0,67,0,2,2,40,0,9,293,8,0,5,6,22,1,24,0,10,0,1,2,6,0,12,2,1,0,9,0,25,0,21,11,0,102,25,0,2,0,3,4,70,5,5,15,0,12,20,2,55
cell_0489,0,3,2,17,41,46,2,0,161,5,0,69,0,0,1,44,0,6,294,5,1,4,3,13,0,33,1,16,2,0,3,12,0,19,0,1,0,3,0,22,0,23,17,0,125,27,0,2,0,2,3,63,4,7,42,0,2,19,1,46
cell_0490,19,47,1,2,0,2,21,12,10,0,13,0,40,19,1,1,7,113,10,0,19,204,42,458,15,2,84,0,37,7,0,0,5,1,47,22,28,62,14,4,5,0,1,1,4,1,103,0,1,1,1,1,0,1,0,6,0,2,3,6
cell_0491,6,66,0,2,0,5,8,10,8,1,10,5,52,21,0,2,7,127,8,0,19,157,51,232,12,0,49,0,34,5,0,0,4,2,49,29,24,41,3,2,6,1,0,7,5,0,94,0,4,0,0,3,0,0,3,10,2,0,2,3
cell_0492,10,66,0,0,0,2,16,5,3,0,14,3,34,13,0,3,8,68,9,0,13,134,44,336,12,1,62,0,30,5,0,0,5,2,38,23,19,63,5,2,4,0,0,5,4,1,95,0,0,0,0,1,2,1,4,8,1,0,4,5
cell_0493,23,103,1,2,0,6,12,10,6,0,25,1,36,19,1,1,4,199,20,1,18,152,45,533,13,1,85,0,34,8,0,0,8,1,58,48,47,74,13,2,5,0,1,4,6,2,121,0,3,0,0,3,1,0,2,7,1,1,3,3
cell_0494,3,3,9,26,46,36,1,1,245,1,0,88,0,1,4,60,0,6,570,3,2,5,6,35,2,39,2,28,1,0,4,14,0,24,1,3,0,9,1,32,1,38,18,2,168,34,3,7,0,1,9,102,3,5,26,3,9,19,1,70
cell_0495,7,56,1,0,0,2,7,4,6,1,11,1,33,12,0,1,3,75,3,0,11,93,48,219,8,0,47,0,12,4,0,1,4,0,18,16,6,56,18,1,1,0,2,2,4,0,59,0,4,0,0,0,0,0,0,4,1,0,2,3
cell_0496,0,1,6,12,15,68,3,1,205,7,0,68,0,0,2,65,1,7,323,3,0,6,1,21,2,31,0,11,2,1,2,14,0,19,1,1,0,8,1,24,0,17,18,0,143,17,2,3,1,0,3,77,5,3,30,1,21,37,0,42
cell_0497,5,55,3,0,1,2,11,13,4,1,10,3,64,17,0,3,2,84,17,0,18,122,45,242,6,2,50,0,28,4,0,1,11,0,44,20,16,57,10,2,4,0,0,8,3,1,56,0,4,0,0,2,0,2,0,10,1,2,4,3
cell_0498,14,100,1,0,2,5,17,9,8,1,9,2,56,32,0,4,2,158,20,0,19,161,36,397,27,0,67,0,49,4,0,1,8,2,63,33,26,74,10,9,7,0,0,2,6,1,146,0,3,1,0,3,0,1,1,5,1,2,6,5
cell_0499,19,97,1,6,1,20,19,17,9,1,18,5,52,24,1,2,6,175,27,1,9,208,51,484,17,3,101,0,44,3,0,0,11,0,77,49,27,117,11,5,8,0,2,11,10,2,130,1,2,0,1,2,2,2,4,14,2,2,3,3
